wave,phase,country,countryCode,regionId,regionName,resortId,resortName,baseTown,baseM,topM,snowForecastMidM,villagePointM,liftNetwork,officialUrl,season2026_27,seasonSourceUrl,elevationSourceUrl,fixedThisRound
1,1,Austria,AT,warth-schroecken,Warth-Schröcken,warth-schroecken,Warth-Schröcken,Warth,1260,2050,1655,1507,Ski Arlberg,https://www.warth-schroecken.at/en,Skigebiet Warth-Schröcken Öffnungs & Betriebszeiten Wintersaison 2026/27: 4. Dezember 2026 bis 11. April 2027,https://www.warth-schroecken.at/de/winter/skigebiet/skigebiet-warth-schroecken.html,https://www.au-schoppernau.at/en/activity/ski-area-warth-schroecken-ski-arlberg,elevation set to resort sector range
1,1,Austria,AT,paznaun,Paznaun · Ischgl,ischgl-silvretta-arena,Ischgl (Silvretta Arena),Ischgl,1360,2872,2116,1375,Silvretta Arena,https://www.ischgl.com/en,Paznaun-Ischgl Tirol in Österreich Ab 26. November startet Ischgl mit dem legendären Opening-Wochenende in die Skisaison 2026/27.,https://www.tirol.at/ischgl,https://www.skiresort.com/en/ski-resort/ischgl-samnaun-silvretta-arena/,
1,1,Austria,AT,paznaun,Paznaun · Ischgl,galtur-silvapark,Galtür Silvapark,Galtür,1600,2300,1950,1590,Silvretta Card,https://www.galtuer.com/en,Ski pass prices and operating times at Silvapark Galtür - 2026/27 winter season: 4 December 2026 to 11 April 2027,https://www.galtuer.com/en/winter/operating-times-prices/skipass-prices-silvapark,https://www.skiresort.com/en/ski-resort/galtuer-silvapark/,
1,1,Austria,AT,paznaun,Paznaun · Ischgl,see-im-paznaun,See im Paznaun,See,1040,2570,1805,1033,Silvretta Card,https://www.see.at/en,Schneebericht See Geplanter Saisonstart: 4. Dez. 2026,https://www.skiresort.at/skigebiet/see/schneebericht/,https://www.skiresort.com/en/ski-resort/see/,
1,1,Austria,AT,oetztal,Ötztal,soelden,Sölden,Sölden,1350,3340,2345,1363,Ötztal,https://www.soelden.com/en,"Sölden ski season opening 2026: Glacier Openings starting in ... In Sölden, the 2026–27 ski season will begin in early October on the Retten",https://www.alpenparks.at/en/blog/skiopening-soelden-gletscher_m2455,https://www.skiresort.com/en/ski-resort/soelden/,
1,1,Austria,AT,oetztal,Ötztal,obergurgl-hochgurgl,Obergurgl-Hochgurgl,Obergurgl,1793,3030,2412,1917,Ötztal,https://www.obergurgl.com/en,Skigebiet-Information Obergurgl-Hochgurgl Die Saison 2026/27 läuft von 18.11.2026 bis 18.04.2027.,https://www.obergurgl-hochgurgl.at/de/skigebiets-information-obergurgl-hochgurgl.php,https://www.skiresort.com/en/ski-resort/gurgl-obergurgl-hochgurgl/,
1,1,Austria,AT,serfaus-fiss-ladis,Serfaus-Fiss-Ladis,serfaus-fiss-ladis,Serfaus-Fiss-Ladis,Serfaus,1200,2828,2014,1434,Serfaus-Fiss-Ladis,https://www.serfaus-fiss-ladis.at/en,Winter Season Dates 2026/27 Serfaus-Fiss-Ladis Snow start: Fri. 04/12/2026 to Fri. 18/12/2026,https://www.serfaus-fiss-ladis.at/en/winter-holiday/season-times-opening-hours,https://www.skiresort.com/en/ski-resort/serfaus-fiss-ladis/,
1,1,Austria,AT,pitztal,Pitztal,pitztal-glacier-rifflsee,Pitztal Glacier & Rifflsee,Mandarfen,2685,3440,3062,1678,Pitztal,https://www.pitztal.com/en,Official: the 2026/27 winter season starts 26 September 2026 (Pitztal Glacier 26 Sep 2026 – 2 May 2027),https://www.pitztaler-gletscher.at/statusbericht,https://www.skiresort.com/en/ski-resort/pitztal-glacier-pitztaler-gletscher/,
1,1,Austria,AT,kaunertal,Kaunertal,kaunertal-glacier,Kaunertal Glacier,Feichten,2150,3113,2632,1289,Kaunertal,https://www.kaunertaler-gletscher.at/en,"Opening hours Kaunertal Glacier - 2026/2027 winter season at the Kaunertal Glacier: September 26, 2026 – May 17, 2027",https://www.kaunertaler-gletscher.at/en/kaunertal-glacier/service-und-informations/opening-hours.html,https://www.skiresort.com/en/ski-resort/kaunertal-glacier-kaunertaler-gletscher/,
1,1,Austria,AT,innsbruck,Innsbruck,nordkette-innsbruck,Nordkette Innsbruck,Innsbruck,860,2256,1558,580,Ski plus City,https://www.nordkette.com/en,Ski resort Nordkette – Innsbruck - Skiresort.info Current season: 2026-12-19 - 2027-04-25,https://www.skiresort.com/en/ski-resort/nordkette-innsbruck/,https://www.skiresort.com/en/ski-resort/nordkette-innsbruck/,
1,1,Austria,AT,innsbruck,Innsbruck,axamer-lizum,Axamer Lizum,Axams,1560,2340,1950,875,Ski plus City,https://www.axamer-lizum.at/en,Official: winter season starts end of November depending on snow and runs to early April (2026/27 projected 28 Nov 2026 – 11 Apr 2027 per sn,https://www.axamer-lizum.at/?lang=en,https://www.skiresort.com/en/ski-resort/axamer-lizum/,
1,1,Austria,AT,innsbruck,Innsbruck,patscherkofel,Patscherkofel,Igls,1009,1965,1487,868,Ski plus City,https://www.patscherkofelbahn.at/en,"Tirol tourism: season start Dec 2026, season end 29 March 2027",https://www.tirol.at/aktivitaeten/sport/skifahren/skigebiete/skigebiet-patscherkofel,https://www.skiresort.com/en/ski-resort/patscherkofel-innsbruck-igls/,
1,1,Austria,AT,stubai,Stubai Valley,stubai-glacier,Stubai Glacier,Neustift im Stubaital,1695,3210,2452,987,Ski plus City,https://www.stubaier-gletscher.com/en,"Skiing at Stubai Glacier 2026/27 Ski Resort in Tyrol Dear guests, our ski season begins on 9 October 2026.",https://www.stubaier-gletscher.com/en/winter/,https://www.skiresort.com/en/ski-resort/stubai-glacier-stubaier-gletscher/,
1,1,Austria,AT,kuehtai,Kühtai,kuhtai,Kühtai,Kühtai,1938,2520,2229,2022,Ski plus City,https://www.kuehtai.info/en,Questions and answers Ski School Kühtai Winter season 2026/27: 28.11.2026 - 09.04.2027,https://www.schischule-kuehtai.at/en/info-vouchers/frequently-asked-questions/,https://www.skiresort.com/en/ski-resort/kuehtai/,
1,1,Austria,AT,zillertal,Zillertal,mayrhofen,Mayrhofen (Penken-Ahorn),Mayrhofen,630,2500,1565,638,Zillertal Superskipass,https://www.mayrhofner-bergbahnen.com/,When do Ski Resorts in Austria open? 2026/27 Dates - Snowscape Mayrhofen 4 December 2026,https://www.snowscape.co.uk/austria-ski-blog/full-article/?p=when-do-austria-ski-resorts-open-dates,https://www.skiresort.com/en/ski-resort/mayrhofen-penken-ahorn-rastkogel-eggalm-mountopolis/,
1,1,Austria,AT,zillertal,Zillertal,hintertux-glacier,Hintertux Glacier,Hintertux,1500,3250,2375,1496,Zillertal Superskipass,https://www.hintertuxergletscher.at/en,Ski resort Hintertux Glacier (Hintertuxer Gletscher) - Skiresort.info Current season: 2026-10-02 - 2027-07-18,https://www.skiresort.com/en/ski-resort/hintertux-glacier-hintertuxer-gletscher/,https://en.wikipedia.org/wiki/Hintertux_Glacier,
1,1,Austria,AT,zillertal,Zillertal,zillertal-arena,Zillertal Arena,Zell am Ziller,580,2500,1540,578,Zillertal Superskipass,https://www.zillertalarena.com/en,Zillertal Arena Öffnungszeiten & Betriebszeiten Winter Die Wintersaison in der Zillertal Arena startet am 04. Dezember 2026 und lädt bis zum,https://www.zillertalarena.com/winter/skigebiet/betriebszeiten/,https://www.skiresort.com/en/ski-resort/zillertal-arena-zell-am-ziller-gerlos-koenigsleiten-hochkrimml/,
1,1,Austria,AT,zillertal,Zillertal,hochzillertal-hochfugen,Hochzillertal-Hochfügen,Kaltenbach,600,2378,1489,553,Zillertal Superskipass,https://www.hochzillertal.com/en,Offene Skigebiete Hochzillertal-Hochfügen 2026/2027 - Skiinfo.de Hochfügen 04. Dez ... Hochzillertal 05. Dez,https://www.skiinfo.de/hochzillertal-hochfuegen/offene-skigebiete,https://www.skiresort.info/ski-resort/kaltenbach-hochzillertalhochfuegen-ski-optimal/test-result/size/,
1,1,Austria,AT,kitzbuehel,Kitzbühel Alps,kitzbuehel-kitzski,Kitzbühel (KitzSki),Kitzbühel,800,2000,1400,764,KitzSki,https://www.kitzski.at/en,KitzSki Season Pass 2026/27 KitzSki is planning to start the season on 6 November 2026 at Resterkogel .,https://www.schlosshotel-kitzbuehel.com/en/blog/winter/kitzski-saisonpass-2026-27,https://www.skiresort.com/en/ski-resort/kitzski-kitzbuehel-kirchberg/,
1,1,Austria,AT,kitzbuehel,Kitzbühel Alps,skiwelt-wilder-kaiser-brixental,SkiWelt Wilder Kaiser-Brixental,Ellmau,620,1869,1244,799,SkiWelt,https://www.skiwelt.at/en,"www.skiwelt.at · en · skiwelt-wilder-kaiser-brixentalSkiWelt area All information, news, shop etc. 5 December 2026 to 29 March 2027 (SKIWELT",https://www.skiwelt.at/en/skiwelt-wilder-kaiser-brixental.html,https://www.skiresort.com/en/ski-resort/skiwelt-wilder-kaiser-brixental/,
1,1,Austria,AT,kitzbuehel,Kitzbühel Alps,st-johann-in-tirol,St. Johann in Tirol,St. Johann in Tirol,659,1604,1132,660,Kitzbüheler Alpen AllStarCard,https://www.bergbahnen-stjohann.at/en,www.skiinfo.de · tirol · saisoneroeffnung-skigebieteSkisaison Tirol 2026/2027 Saisoneröffnung & Skiopening-Termine... St. Johann in Tirol 28,https://www.skiinfo.de/tirol/saisoneroeffnung-skigebiete,https://www.skiresort.info/ski-resort/st-johann-in-tirol-oberndorf-harschbichl/,
1,1,Austria,AT,ski-juwel,Alpbachtal,ski-juwel-alpbachtal-wildschonau,Ski Juwel Alpbachtal Wildschönau,Alpbach,830,2030,1430,973,Ski Juwel,https://www.skijuwel.com/en,Official: winter season 2026/27 starts 4 December 2026,https://www.skijuwel.com/de/winter/tickets-und-preise,https://www.skiresort.com/en/ski-resort/ski-juwel-alpbachtal-wildschoenau/,
1,1,Austria,AT,saalbach,Saalbach Hinterglemm Leogang Fieberbrunn,skicircus-saalbach-hinterglemm-leogang-fieberbrunn,Skicircus Saalbach Hinterglemm Leogang Fieberbrunn,Saalbach,830,2096,1463,1008,Skicircus,https://www.saalbach.com/en,Ski resort Saalbach Hinterglemm Leogang Fieberbrunn (Skicircus) Current season: 2026-11-27 - 2027-04-04,https://www.skiresort.com/en/ski-resort/saalbach-hinterglemm-leogang-fieberbrunn-skicircus/,https://www.skiresort.com/en/ski-resort/saalbach-hinterglemm-leogang-fieberbrunn-skicircus/,
1,1,Austria,AT,zell-am-see-kaprun,Zell am See-Kaprun,schmittenhohe,Schmittenhöhe,Zell am See,760,2000,1380,771,Zell am See-Kaprun,https://www.schmitten.at/en,"Wintersaisonstart 2026/27 - green.schmitten.at Ab dem Saisonbeginn am 4. Dezember 2026 heißt es wieder: Rein in die Seilbahn, raus aus dem",https://green.schmitten.at/de/Wintersaisonstart-2026/27-auf-der-Schmittenhoehe-in-Zell-am-See_bba_6385,https://www.skiresort.com/en/ski-resort/schmittenhoehe-zell-am-see/,
1,1,Austria,AT,zell-am-see-kaprun,Zell am See-Kaprun,kitzsteinhorn,Kitzsteinhorn,Kaprun,768,3029,1898,773,Zell am See-Kaprun,https://www.kitzsteinhorn.at/en,"Winter 2026/27 - Kitzsteinhorn, Zell am See-Kaprun At the high-alpine Kitzsteinhorn glacier ski resort, winter sports en",https://www.kitzsteinhorn.at/en/service/backstage/press/winter-2025-26-pr15634,https://www.skiresort.com/en/ski-resort/kitzsteinhorn-maiskogel-kaprun/,
1,1,Austria,AT,ski-amade,Ski amadé,snow-space-salzburg,Snow Space Salzburg (Flachau-Wagrain-St. Johann),Flachau,740,1980,1360,908,Ski amadé,https://www.snow-space.com/en,www.snow-space.com · en · winterWinter holidays in Salzburg - Ski resort Snow Space in Austria The planned season start is 28 November 2026 ,https://www.snow-space.com/en/winter,https://www.skiresort.com/en/ski-resort/snow-space-salzburg-flachau-wagrain-st-johann-alpendorf/,
1,1,Austria,AT,ski-amade,Ski amadé,obertauern,Obertauern,Obertauern,1630,2313,1972,1758,Ski amadé,https://www.obertauern.com/en,Obertauern Ski Opening 2026/27 Start the Ski Season with Valamar Obertauern’s 2026/27 ski season is planned to begin with partial lift opera,https://www.valamar.com/en/obertauern-ski-opening,https://www.skiresort.com/en/ski-resort/obertauern/,
1,1,Austria,AT,ski-amade,Ski amadé,bad-gastein,Bad Gastein (Ski amadé Gastein),Bad Gastein,1079,2246,1662,1014,Ski amadé,https://www.skigastein.com/en,Ski Gastein lift times: Schlossalm–Angertal–Stubnerkogel link 11 Dec 2026 to 4 Apr 2027; Stubnerkogel from 27.11.2026,https://www.skigastein.com/tickets-lifte/betriebszeiten-lifte/,https://www.visitaustria.info/en/salzburgerland/bad-gastein/,elevation set to resort sector range
1,1,Austria,AT,schladming,Schladming-Dachstein,planai-hochwurzen,Planai-Hochwurzen (Schladming),Schladming,750,1894,1322,736,Ski amadé,https://www.planai.at/en,"planai.at A season opener in a class of its own: on 11 and 12 December 2026 , Helene Fischer and her band will kick off the ski season at th",https://www.planai.at/en,https://en.wikipedia.org/wiki/Planai,
1,1,Austria,AT,montafon,Montafon,silvretta-montafon,Silvretta Montafon,Schruns,700,2430,1565,692,Montafon Brandnertal,https://www.silvretta-montafon.at/en,Silvretta Montafon mountain railway operating hours Winter & Winter season from 27 November 2026 to 11 April 2027,https://www.silvretta-montafon.at/en/info-service/opening-times,https://www.skiresort.com/en/ski-resort/silvretta-montafon/,
1,1,Austria,AT,carinthia,Carinthia,nassfeld,Nassfeld,Hermagor,600,2002,1301,600,TopSkiPass Kärnten,https://www.nassfeld.at/en,Ski resort Nassfeld – Hermagor Current season: 2026-12-05 - 2027-04-11,https://www.skiresort.com/en/ski-resort/nassfeld-hermagor/,https://www.skiresort.com/en/ski-resort/nassfeld-hermagor/,
1,1,Austria,AT,carinthia,Carinthia,bad-kleinkirchheim,Bad Kleinkirchheim,Bad Kleinkirchheim,1087,2055,1571,1083,TopSkiPass Kärnten,https://www.badkleinkirchheim.at/en,Ski-Opening - Bad Kleinkirchheimer Bergbahnen – 23. Dezember 2026 haben wir gleich zwei Spar-Angebote für Dich.,https://www.badkleinkirchheim.com/ski-opening/,https://www.skiresort.com/en/ski-resort/bad-kleinkirchheim/,
1,2,France,FR,les-3-vallees,Les 3 Vallées,courchevel,Courchevel,Courchevel,1100,2738,1919,1771,Les 3 Vallées,https://www.courchevel.com/en,courchevel.rentals › blog › ski-season-dates-courchevelCourchevel Ski Season Dates 2026-2027 Opening & Closing The full Three Valleys link r,https://courchevel.rentals/blog/ski-season-dates-courchevel,https://www.onthesnow.co.uk/northern-alps/courchevel/ski-resort,elevation set to resort sector range
1,2,France,FR,les-3-vallees,Les 3 Vallées,meribel,Méribel,Méribel,1450,2952,2201,1418,Les 3 Vallées,https://www.meribel.net/en,Frequently Asked Questions of the ski area of Méribel ... The Méribel ski area is open for the 2026/2027 winter season from 5 December 2026 ,https://www.skipass-meribel.com/en/faq,https://www.inthesnow.com/resort/meribel/,elevation set to resort sector range
1,2,France,FR,les-3-vallees,Les 3 Vallées,val-thorens,Val Thorens,Val Thorens,1825,3230,2528,2315,Les 3 Vallées,https://www.valthorens.com/,"Opening dates of the stations 2026 2027 - Ecole de Ski Internationale For the winter season 2026-2027, the opening of the Val Thorens – Orel",https://www.ecoledeski.fr/en/news/ski-resort-opening-dates-2026/,https://en.wikipedia.org/wiki/Val_Thorens,elevation set to resort sector range
1,2,France,FR,les-3-vallees,Les 3 Vallées,les-menuires,Les Menuires,Les Menuires,1450,2850,2150,1820,Les 3 Vallées,https://www.lesmenuires.com/en,Opening dates & station hours - Les Menuires - Les Menuires: from 5 December 2026 to 18 April 2027,https://www.skipass-lesmenuires.com/en/faqdates-opening,https://www.onthesnow.co.uk/northern-alps/les-menuires/ski-resort,elevation set to resort sector range
1,2,France,FR,espace-killy,Val d'Isère · Tignes,val-d-isere,Val d'Isère,Val-d'Isère,1785,3197,2491,1830,Tignes-Val d'Isère,https://www.valdisere.com/en,"France Ski Resort Opening Dates 2026/27 - Alpy.com Val d’Isère (1,850m, skiing up to around 3,450m via the Pissaillas glacier) opens its sea",https://www.alpy.com/blog/france-ski-resort-opening-dates-2026-27/,https://www.valdisere.ski/en/top-picks-pisaillas,elevation set to resort sector range
1,2,France,FR,espace-killy,Val d'Isère · Tignes,tignes,Tignes,Tignes,1550,3456,2503,2082,Tignes-Val d'Isère,https://en.tignes.net,Ski Pass : Enjoy Reduced rates for Seniors & Children in ... From 21 to 27 November 2026 ... From 12 December 2026 to 23 April 2027,https://en.tignes.net/skiing/ski-pass-you-need,https://www.tripadvisor.com/Attraction_Review-g196714-d7724481-Reviews,elevation set to resort sector range
1,2,France,FR,paradiski,Paradiski,les-arcs,Les Arcs,Bourg-Saint-Maurice,1250,3250,2250,1708,Paradiski,https://www.lesarcs.com/en,Live from Les Arcs The Les Arcs / Peisey-Vallandry ski area will be open from 12 December 2026 to 24 April 2027.,https://www.lesarcs.com/en/live-les-arcs,https://en.wikipedia.org/wiki/Les_Arcs,
1,2,France,FR,paradiski,Paradiski,la-plagne,La Plagne,La Plagne,1250,3250,2250,1982,Paradiski,https://www.la-plagne.com/,Ski resort opening : Open ski slopes ## Resort opening for the 2026-2027 winter season December 12 to April 24,https://en.la-plagne.com/discover/our-opening-information,https://en.wikipedia.org/wiki/La_Plagne,
1,2,France,FR,haute-tarentaise,Haute Tarentaise,sainte-foy-tarentaise,Sainte-Foy-Tarentaise,Sainte-Foy-Tarentaise,1550,2622,2086,1066,Independent,https://www.saintefoy-tarentaise.com/en,"Info Sainte-Foy-Tarentaise : actualités, météo, faits divers, ... La saison de ski alpin 2026/2027 devrait débuter le 21 novembre en Savoie.",https://www.ledauphine.com/c/savoie/73232-sainte-foy-tarentaise,https://en.wikipedia.org/wiki/Sainte-Foy-Tarentaise,
1,2,France,FR,haute-tarentaise,Haute Tarentaise,la-rosiere,La Rosière,Montvalezan,1176,2800,1988,1158,Espace San Bernardo,https://www.larosiere.net/en,La Rosière ski area - Espace San Bernardo FROM 12 DECEMBER 2026 TO 17 APRIL 2027,https://www.larosiere.ski/en/domain/la-rosiere,https://www.larosiere.net/en/the-ski-area/,elevation set to resort sector range
1,2,France,FR,chamonix,Chamonix Mont-Blanc,chamonix,Chamonix (Brévent-Flégère),Chamonix,1030,2525,1778,1039,Chamonix Le Pass,https://en.chamonix.com/,Season dates in Chamonix The whole resort is set to open on 19 December 2026.,https://www.seechamonix.com/lifts/dates/season-dates-for-chamonix-valley-lifts,https://www.skiresort.com/en/ski-resort/brevent-flegere-chamonix/,
1,2,France,FR,chamonix,Chamonix Mont-Blanc,grands-montets,Grands Montets (Argentière),Argentière,1252,2765,2008,1260,Chamonix Le Pass,https://www.montblancnaturalresort.com/en,Plan Your Ski Trip to Chamonix 2026/27 - Skibex The 2026/27 season runs from late November 2026 (first high areas) to early May 2027 at Gran,https://skibex.fr/resources/plan-your-trip/,https://www.skiresort.com/en/ski-resort/grands-montets-argentiere-chamonix/,
1,2,France,FR,chamonix,Chamonix Mont-Blanc,les-houches,Les Houches,Les Houches,1000,1900,1450,1005,Chamonix Le Pass,https://www.leshouches.com/en,Chamonix Lifts Opening Dates and Times and Resorts Timetables From 19 December 2026 to 5 February 2027 08:45 16:15 16:15 16:30 Continuous,https://www.chamonix.net/english/lift-systems/dates-times,https://www.skiresort.com/en/ski-resort/les-houches-saint-gervais-prarion-bellevue-chamonix/,
1,2,France,FR,evasion-mont-blanc,Megève · Saint-Gervais,megeve,Megève,Megève,850,2353,1602,1105,Les Portes du Mont-Blanc / Evasion Mont-Blanc,https://megeve.com/en,forfait.megeve.com · hiver · dates-douvertureDates d'ouverture du domaine skiable de Megève - Megeve hiver week-end du 5 – 6 décembre 2026,https://forfait.megeve.com/hiver/dates-douverture/,https://www.skiresort.com/en/ski-resort/megeve-saint-gervais/,
1,2,France,FR,evasion-mont-blanc,Megève · Saint-Gervais,saint-gervais-mont-blanc,Saint-Gervais Mont-Blanc,Saint-Gervais-les-Bains,1400,2353,1876,807,Evasion Mont-Blanc,https://www.saintgervais.com/en,Evasion Mont-Blanc ski resort From 12 December 2026 until 4 April 2027 - Open everyday,https://tourism.saintgervais.com/i-want-to/an-activity/evasion-mont-blanc-ski-resort-saint-gervais-les-bains-en-4359378/,https://www.heidi.com/ski/france/saint-gervais,elevation set to resort sector range
1,2,France,FR,portes-du-soleil,Portes du Soleil,avoriaz,Avoriaz,Avoriaz,1100,2466,1783,1822,Portes du Soleil,https://www.avoriaz.com/en,2026/2027 Ski Season in Avoriaz - esquiades.com Closed Opening 11/28/2026 ... 04/18/2027,https://www.esquiades.com/en/skiresort/opening-closing-dates-avoriaz/150/,https://www.weski.com/ski-resorts/france/avoriaz,elevation set to resort sector range
1,2,France,FR,portes-du-soleil,Portes du Soleil,morzine,Morzine,Morzine,1000,2019,1510,973,Portes du Soleil,https://en.morzine-avoriaz.com,REPORT FEATURE IDEAS BOOKLET - en.morzine-avoriaz.com Les Gets ski area: from 19 December 2026 to,https://en.morzine-avoriaz.com/app/uploads/2026/08/dp-hiver-2027-gb-web.pdf,https://www.alps2alps.com/wiki/resorts/morzine/,elevation set to resort sector range
1,2,France,FR,portes-du-soleil,Portes du Soleil,les-gets,Les Gets,Les Gets,1172,2002,1587,1160,Portes du Soleil,https://www.lesgets.com/en,"New European ski lodges and hotels opening this winter Les Gets plans a partial opening on 12 December 2026, subject to snow conditions, fol",https://www.euronews.com/2026/10/06/new-european-ski-lodges-and-hotels-opening-in-winter-2026-2027,https://www.seemorzine.com/ski-area/,elevation set to resort sector range
1,2,France,FR,portes-du-soleil,Portes du Soleil,chatel,Châtel,Châtel,1200,2200,1700,1191,Portes du Soleil,https://www.chatel.com/en,en.chatelreservation.com · holiday-in-chatel-mustHoliday in Chatel: Must-See Events and Activities - From 19 December 2026: full opening of ,https://en.chatelreservation.com/holiday-in-chatel-must-see-events-and-activities.html,https://www.melbtravel.com/winter-chatel-france-ski-resort/,elevation set to resort sector range
1,2,France,FR,grand-massif,Grand Massif,flaine,Flaine,Flaine,1600,2500,2050,1645,Grand Massif,https://www.flaine.com/en,Winter openings 26-27 - Flaine - French Alps ski resort ... 📅 Saturday 5 December 2026 ... Open from 5 to 18 December 2026 – subject to snow,https://www.flaine.com/en/winter-openings-27/,https://www.flaine.com/en/faq/,elevation set to resort sector range
1,2,France,FR,grand-massif,Grand Massif,samoens,Samoëns,Samoëns,1600,2120,1860,712,Grand Massif,https://www.samoens.com/en,"Grand Massif ski pass prices, find your offer Flaine is open from 5 December 2026 to 18 April 2027 – Samoëns and Les Carroz are open from 12",https://www.grand-massif.com/en/ski-offers/package-rates/,https://www.alpsaccommodation.com/samoens/samoens-ski-resort/,elevation set to resort sector range
1,2,France,FR,aravis,Aravis,la-clusaz,La Clusaz,La Clusaz,1050,2485,1768,1033,Aravis,https://www.laclusaz.com/en,www.ledauphine.com › montagne › 2026/10/01Saison de ski 2026-2027 : les dates d'ouverture des stations ... - La Clusaz : ouverture le 12 déc,https://www.ledauphine.com/montagne/2026/10/01/saison-de-ski-2026-2027-les-dates-d-ouverture-des-stations-dans-les-alpes,https://www.skiresort.com/en/ski-resort/la-clusaz-manigod/,
1,2,France,FR,aravis,Aravis,le-grand-bornand,Le Grand-Bornand,Le Grand-Bornand,1000,2100,1550,930,Aravis,https://www.legrandbornand.com/en,om · ouvertures-des-pistes-etOuvertures des pistes et remontées mécaniques Le Grand Bornand Le domaine skiable alpin pré-ouvre les 5 et 6 dé,https://www.legrandbornand.com/ouvertures-des-pistes-et-remontees-mecaniques/,https://www.skiresort.info/ski-resort/le-grand-bornand/test-result/size/,
1,2,France,FR,oisans,Oisans,alpe-d-huez,Alpe d'Huez,L'Alpe d'Huez,1120,3330,2225,1825,Alpe d'Huez Grand Domaine,https://www.alpedhuez.com/en,Season Dates in Alpe d'Huez Winter 2026 to 2027 5 December 2026 25 April 2027,https://www.seealpedhuez.com/lifts/dates,https://en.wikipedia.org/wiki/Alpe_d%27Huez,
1,2,France,FR,oisans,Oisans,les-2-alpes,Les 2 Alpes,Les Deux Alpes,1300,3600,2450,1663,Les 2 Alpes,https://www.les2alpes.com/en,Les Deux Alpes ## SKI SEASON KICKS OFF 28 NOVEMBER 2026 - 2 MAY 2027,https://www.les2alpes.com/winter/,https://en.wikipedia.org/wiki/Les_Deux_Alpes,
1,2,France,FR,oisans,Oisans,la-grave,La Grave,La Grave,1470,3534,2502,1486,Independent,https://www.la-grave.com/en,Winter : Prices - Opening - La GraveLa Grave ##### Open from 19 December 2026 to 02 May 2027 from 8H30 (first ascent) to 16H00 (last descent,https://la-grave.com/en/hiver-tarifs-horaires/,https://www.skiresort.com/en/ski-resort/la-grave-la-meije/,
1,2,France,FR,serre-chevalier,Serre Chevalier · Montgenèvre,serre-chevalier,Serre Chevalier,Briançon,1200,2800,2000,1312,Serre Chevalier Vallée,https://www.serre-chevalier.com/en,"The Serre Chevalier Ski Area: 250 km of Trails ### 2026–2027 Winter Season Opening Dates: Continuous operation from December 5, 2026, to Apr",https://www.serre-chevalier.com/en/ski-area/ski-area,https://en.wikipedia.org/wiki/Serre_Chevalier,
1,2,France,FR,serre-chevalier,Serre Chevalier · Montgenèvre,montgenevre,Montgenèvre,Montgenèvre,1860,2700,2280,1859,Voie Lactée,https://www.montgenevre.com/en,️ Domaine skiable de Montgenèvre – Ski en Hautes-Alpes L’ouverture en continu du domaine skiable pour l’hiver 2026-2027 s’étend du 28 novemb,https://montgenevre.com/en/winter/ski/ski-area,https://www.skiworld.co.uk/ski-holidays/france/montgenevre,elevation set to resort sector range
1,2,France,FR,southern-alps,Southern French Alps,vars-risoul,Vars-Risoul (La Forêt Blanche),Vars,1650,2750,2200,1660,La Forêt Blanche,https://www.vars.com/en,Ski resort Vars/ Risoul – La Forêt Blanche Current season: 2026-12-05 - 2027-04-04,https://www.skiresort.com/en/ski-resort/vars-risoul-la-foret-blanche/,https://www.skiresort.com/en/ski-resort/vars-risoul-la-foret-blanche/,
1,2,France,FR,southern-alps,Southern French Alps,isola-2000,Isola 2000,Isola 2000,1840,2610,2225,2132,Independent,https://www.isola2000.com/en,Snow report Isola 2000 Planned start of season: 5 Dec 2026 Planned end of season: 18 Apr 2027,https://www.skiresort.com/en/ski-resort/isola-2000/snow-report/,https://en.wikipedia.org/wiki/Isola_2000,
1,2,France,FR,maurienne,Maurienne,valloire-valmeinier,Valloire-Valmeinier (Galibier-Thabor),Valloire,1430,2750,2090,1406,Galibier-Thabor,https://www.valloire.net/en,Official: Galibier-Thabor ski area (Valloire + Valmeinier) open 19/12/2026 to 09/04/2027,https://valloire.net/en/profiter-de-valloire/le-ski/sur-les-pistes/ouverture,https://www.skiresort.com/en/ski-resort/galibier-thabor-valmeinier-valloire/,
1,2,France,FR,maurienne,Maurienne,val-cenis,Val Cenis,Lanslebourg-Mont-Cenis,1300,2730,2015,1403,Independent,https://www.valcenis.com/,Ski resort Val Cenis – Lanslevillard/Lanslebourg/Termignon Current season: 2026-12-13 - 2027-04-16,https://www.skiresort.com/en/ski-resort/val-cenis-lanslevillard-lanslebourg-termignon/,https://en.wikipedia.org/wiki/Val_Cenis_Vanoise,
1,2,France,FR,french-pyrenees,French Pyrenees,grand-tourmalet,Grand Tourmalet (Barèges-La Mongie),La Mongie,1400,2500,1950,1799,N'Py,https://www.grand-tourmalet.com/en,www.pyreneige.fr › station-ski › grand-tourmaletFiche technique de Grand Tourmalet - Pyreneige.fr Ouverture de la saison: Samedi 5 Décembre ,https://www.pyreneige.fr/station-ski/grand-tourmalet/donnees-techniques/,https://en.lespyrenees.net/downhill-ski-resorts/STATPYR000V50011U/detail,elevation set to resort sector range
1,2,France,FR,french-pyrenees,French Pyrenees,saint-lary-soulan,Saint-Lary-Soulan,Saint-Lary-Soulan,1597,2515,2056,820,N'Py,https://www.saintlary.com/en,Ski area - Saint-Lary Tourisme Open from 4 December 2026 to 29 march 2027,https://www.saintlary.com/winter/to-do-on-site/glide/ski-area/,https://www.skiresort.com/en/ski-resort/saint-lary-soulan/,
1,3,Switzerland,CH,zermatt,Zermatt,zermatt,Zermatt Matterhorn Ski Paradise,Zermatt,1562,3899,2730,1608,Matterhorn Ski Paradise,https://www.zermatt.ch/en,Zermatt-Matterhorn: Holidays in Switzerland & the Alps 1 November – 6 December 2026 Winter Opening Weeks - Kick off the new ski season in Ma,https://zermatt.swiss/en/,https://www.skiresort.com/en/ski-resort/zermatt-breuil-cervinia-valtournenche-matterhorn/,
1,3,Switzerland,CH,saas-fee,Saas-Fee,saas-fee,Saas-Fee,Saas-Fee,1800,3573,2686,1802,Saastal,https://www.saas-fee.ch/en,"in, Alpin Express & more We are pleased to inform you that the Saas-Fee summer ski resort will be able to reopen partially from Saturday, 3 ",https://www.saas-fee.ch/en/services-informationen/prices-timetables-cable-cars/timetables-cable-cars/timetables-cable-cars/summer/saas-fee-timetables-summer-autumn,https://www.skiresort.com/en/ski-resort/saas-fee/,
1,3,Switzerland,CH,4-vallees,4 Vallées,verbier,Verbier,Verbier,1500,3330,2415,1497,4 Vallées,https://www.verbier.ch/en,Saison 2026/2027 à Verbier - esquiades.com Ouverture 14/11/2026 ... 25/04/2027,https://www.esquiades.com/fr/pistes/dates-ouverture-fermeture-verbier/239/,https://www.valais.ch/en/explore/activities/ski-snowboard/ski-areas/verbier,elevation set to resort sector range
1,3,Switzerland,CH,4-vallees,4 Vallées,nendaz-veysonnaz,Nendaz-Veysonnaz,Nendaz,1400,3330,2365,1151,4 Vallées,https://www.nendaz.ch/en,Horaires hiver remontées mécaniques Nendaz Switzerland Les dates d'ouverture des remontées mécaniques pour l'hiver 2026-27 seront communiqué,https://www.nendaz.ch/fr/Z13927/horaires-hiver-remontees-mecaniques,https://www.tripadvisor.com/Attraction_Review-g658753-d6516162-Reviews,elevation set to resort sector range
1,3,Switzerland,CH,crans-montana,Crans-Montana,crans-montana,Crans-Montana,Crans-Montana,1510,2927,2218,1480,Independent,https://www.crans-montana.ch/en,"Where to stay in Crans-Montana: two villages, one plateau Winter 2026/27 opens fully on 19 December, with only a partial opening possible fr",https://www.staysinswitzerland.com/crans-montana,https://www.skiresort.com/en/ski-resort/crans-montana/,
1,3,Switzerland,CH,portes-du-soleil-ch,Portes du Soleil (Switzerland),champery,Champéry,Champéry,1050,2277,1664,1048,Portes du Soleil,https://www.champery.ch/en,Portes du Soleil Suisse lift company: opening of the Swiss area Friday 18 December 2026,https://skipass-pds-ch.ch/fr/horaires,https://www.weski.com/ski-resorts/switzerland/champery,elevation set to resort sector range
1,3,Switzerland,CH,vaud-alps,Vaud Alps · Gstaad,villars-gryon-les-diablerets,Villars-Gryon-Les Diablerets,Villars-sur-Ollon,1224,2120,1672,1266,Magic Pass,https://www.alpesvaudoises.ch/villars,Ski resort Villars/Gryon/Les Diablerets Current season: 2026-11-28 - 2027-04-11,https://www.skiresort.com/en/ski-resort/villars-gryon-les-diablerets/,https://www.skiresort.com/en/ski-resort/villars-gryon-les-diablerets/,
1,3,Switzerland,CH,vaud-alps,Vaud Alps · Gstaad,gstaad,Gstaad (Gstaad Mountain Rides),Gstaad,1275,1940,1608,1072,Gstaad Mountain Rides,https://www.gstaad.ch/en,"Bergbahnen Destination Gstaad: first lifts open 20 November 2026, snow permitting",https://bergbahnen-gstaad.ch/faq,https://www.skiresort.info/ski-resort/wasserngrat-gstaad/test-result/size/,
1,3,Switzerland,CH,jungfrau,Jungfrau Region,grindelwald-wengen,Grindelwald-Wengen (Kleine Scheidegg-Männlichen),Wengen,944,2400,1672,1279,Jungfrau Ski Region,https://www.jungfrau.ch/en-gb,Skiing Grindelwald-Männlichen: open daily from 21 November 2026 to 25 April 2027,https://grindelwald.swiss/en/erlebnisse/winter-activities/skiing.html,https://www.skiresort.com/en/ski-resort/kleine-scheidegg-maennlichen-grindelwald-wengen/,
1,3,Switzerland,CH,jungfrau,Jungfrau Region,grindelwald-first,Grindelwald-First,Grindelwald,1034,2500,1767,1055,Jungfrau Ski Region,https://www.jungfrau.ch/en-gb,Bulletin des sports d'hiver - Grindelwald Tourismus Grindelwald-First: ouvert tous les jours du 19 décembre 2026 au 29 mars 2027,https://grindelwald.swiss/fr/service/etat-de-fonctionnement/bulletin-des-sports-d-hiver.html,https://www.skiresort.com/en/ski-resort/first-grindelwald/,
1,3,Switzerland,CH,jungfrau,Jungfrau Region,murren-schilthorn,Mürren-Schilthorn,Mürren,796,2970,1883,1634,Jungfrau Ski Region,https://schilthorn.ch/,Ski resort Schilthorn – Mürren/Lauterbrunnen Current season: 2026-10-31 - 2027-05-02,https://www.skiresort.com/en/ski-resort/schilthorn-muerren-lauterbrunnen/,https://www.skiresort.info/ski-resort/schilthorn-muerren-lauterbrunnen/,
1,3,Switzerland,CH,adelboden-lenk,Adelboden-Lenk,adelboden-lenk,Adelboden-Lenk,Adelboden,1260,2200,1730,1358,Adelboden-Lenk,https://www.adelboden-lenk.ch/en,Open lifts and pistes - Adelboden-Lenk - Continuous daily operation from 5 December 2026 to 4 April 2027.,https://www.adelboden-lenk.ch/en/Service/Lifts-and-pistes,https://www.skiresort.com/en/ski-resort/adelboden-lenk-chuenisbaergli-silleren-hahnenmoos-metsch/,
1,3,Switzerland,CH,engelberg,Engelberg,engelberg-titlis,Engelberg-Titlis,Engelberg,1003,3020,2012,1021,Titlis,https://www.engelberg.ch/en,2026/2027 Ski Season in Engelberg - Titlis - esquiades.com Engelberg - Titlis The Swiss Alps Closed Opening 10/24/2026,https://www.esquiades.com/en/skiresort/opening-closing-dates-engelberg/156/,https://www.skiresort.com/en/ski-resort/titlis-engelberg/,
1,3,Switzerland,CH,andermatt,Andermatt-Sedrun,andermatt-sedrun-disentis,Andermatt-Sedrun-Disentis,Andermatt,1227,2833,2030,1442,SkiArena Andermatt-Sedrun,https://www.andermatt-sedrun-disentis.ch/en,Day and multi-day passes - Andermatt – Sedrun - Ski and sledging tickets for the 2026/27 winter season will be available soon.,https://www.andermatt-sedrun-disentis.ch/en/pages/skipaesse,https://www.skiresort.com/en/ski-resort/disentis/,
1,3,Switzerland,CH,laax,Flims Laax Falera,laax,Laax,Laax,1100,3018,2059,1094,Weisse Arena,https://www.laax.com/en,LAAX Trail Map Ski Runs & Piste Map - 2026 - 2027 Season 2026 - 2027 Opens 28 Nov 2026,https://snowstash.com/europe/switzerland/laax/trail-map,https://www.skiresort.com/en/ski-resort/laax-flims-falera/,
1,3,Switzerland,CH,arosa-lenzerheide,Arosa Lenzerheide,arosa-lenzerheide,Arosa Lenzerheide,Lenzerheide,1229,2865,2047,1484,Arosa Lenzerheide,https://arosalenzerheide.swiss/en,arosalenzerheide.swiss · de · SkigebietBetriebs- & Öffnungszeiten Bergbahnen Arosa Lenzerheide ### Winter Hauptsaison 19. Dezember 2026 bis ,https://arosalenzerheide.swiss/de/Skigebiet/Bergbahnen/Betriebszeiten,https://www.skiresort.com/en/ski-resort/arosa-lenzerheide/,
1,3,Switzerland,CH,davos-klosters,Davos Klosters,parsenn,Parsenn (Davos Klosters),Davos,810,2844,1827,1546,Davos Klosters,https://www.davos.ch/en,Ski resort Parsenn (Davos Klosters) Current season: 2026-11-13 - 2027-04-04,https://www.skiresort.com/en/ski-resort/parsenn-davos-klosters/,https://www.skiresort.com/en/ski-resort/parsenn-davos-klosters/,
1,3,Switzerland,CH,davos-klosters,Davos Klosters,jakobshorn,Jakobshorn,Davos,1535,2568,2052,1546,Davos Klosters,https://www.davos.ch/en,Ski resort Jakobshorn (Davos Klosters) Current season: 2026-11-07 - 2027-04-11,https://www.skiresort.com/en/ski-resort/jakobshorn-davos-klosters/,https://www.skiresort.com/en/ski-resort/jakobshorn-davos-klosters/,
1,3,Switzerland,CH,st-moritz,St. Moritz · Engadin,corviglia,Corviglia (St. Moritz),St. Moritz,1772,3057,2414,1844,Engadin St. Moritz Mountains,https://www.engadin.ch/en,Current season 2026-11-28 to 2027-04-04,https://www.skiresort.com/en/ski-resort/st-moritz-corviglia/,https://www.skiresort.com/en/ski-resort/st-moritz-corviglia/,
1,3,Switzerland,CH,st-moritz,St. Moritz · Engadin,corvatsch,Corvatsch,Silvaplana,1797,3303,2550,1824,Engadin St. Moritz Mountains,https://www.corvatsch.ch/en,Ski resort Corvatsch/Furtschellas Current season: 2026-11-21 - 2027-04-25,https://www.skiresort.com/en/ski-resort/corvatsch-furtschellas/,https://www.skiresort.de/skigebiet/corvatsch-furtschellas/,elevation set to resort sector range
1,3,Switzerland,CH,st-moritz,St. Moritz · Engadin,diavolezza-lagalb,Diavolezza-Lagalb,Pontresina,2093,3006,2550,1819,Engadin St. Moritz Mountains,https://www.diavolezza.ch/en,Ski resort Diavolezza/Lagalb Current season: 2026-10-17 - 2027-05-02,https://www.skiresort.com/en/ski-resort/diavolezza-lagalb/,https://www.skiresort.com/en/ski-resort/diavolezza-lagalb/,
1,4,Italy,IT,val-gardena,Val Gardena · Alta Badia,val-gardena,Val Gardena,Selva di Val Gardena,1236,2518,1877,1570,Dolomiti Superski,https://www.valgardena.it/en,Winter Opening in Val Gardena The lifts in Val Gardena and the Sellaronda will open on 4 December 2026 and are scheduled to remain in operat,https://www.valgardena.it/en/news-val-gardena/detail/winter-opening-in-val-gardena/,https://www.skiresort.com/en/ski-resort/val-gardena-groeden/,
1,4,Italy,IT,val-gardena,Val Gardena · Alta Badia,alta-badia,Alta Badia,Corvara in Badia,1324,2778,2051,1534,Dolomiti Superski,https://www.altabadia.org/en,"Alta Badia skiing area The season ended on April 7, 2026 - the 2026/2027 ski season will start on December 4.",https://www.alta-badia.org/en/leisure-activities/winter-sports/alta-badia-skiing-area/,https://www.alta-badia.org/en/leisure-activities/winter-sports/alta-badia-skiing-area.html,elevation set to resort sector range
1,4,Italy,IT,kronplatz,Kronplatz · Alta Pusteria,kronplatz,Kronplatz (Plan de Corones),Brunico,973,2275,1624,834,Dolomiti Superski,https://www.kronplatz.com/en,"Kronplatz Ski Area: Slopes, Lifts and Getting There The 2026/27 calendar published by the ski area runs from 28 November 2026 to 11 April 20",https://www.ledolomiti.it/en/ski-areas/kronplatz,https://www.skiresort.com/en/ski-resort/kronplatz-plan-de-corones/,
1,4,Italy,IT,kronplatz,Kronplatz · Alta Pusteria,3-zinnen-dolomites,3 Zinnen Dolomites,San Candido,1130,2225,1678,1176,Dolomiti Superski,https://www.dreizinnen.com/en,Skiing with Dolomites views 3 Zinnen Dolomites - Drei Zinnen Ski area open from 28 November 2026 to 04 April 2027,https://www.dreizinnen.com/en/skiing,https://www.skiresort.com/en/ski-resort/3-zinnen-dolomites-helm-stiergarten-rotwand-kreuzbergpass/,
1,4,Italy,IT,cortina,Cortina d'Ampezzo,cortina-d-ampezzo,Cortina d'Ampezzo,Cortina d'Ampezzo,1224,2930,2077,1543,Dolomiti Superski,https://www.dolomiti.org/en/cortina,cortinadampezzo.it › en › news-enWinter 2026/27 in Cortina d’Ampezzo The first resorts and slopes are expected to open between late November,https://cortinadampezzo.it/en/news-en/winter-2026-27-in-cortina-dampezzo/,https://en.wikipedia.org/wiki/Cortina_d%27Ampezzo,
1,4,Italy,IT,cortina,Cortina d'Ampezzo,arabba-marmolada,Arabba-Marmolada,Arabba,1446,3269,2358,1603,Dolomiti Superski,https://www.arabba.it/en,Ski resort Arabba/Marmolada Current season: 2026-11-28 - 2027-04-18,https://www.skiresort.com/en/ski-resort/arabba-marmolada/,https://www.skiresort.com/en/ski-resort/arabba-marmolada/,
1,4,Italy,IT,val-di-fassa,Val di Fassa,val-di-fassa,Val di Fassa (Canazei-Belvedere),Canazei,1460,2485,1972,1462,Dolomiti Superski,https://www.fassa.com/en,Val di Fassa official: Belvedere–Col Rodella ski area open from 4 December 2026 to 4 April 2027,https://www.fassa.com/en/ski-lifts-slopes/ski-areas/belvedere-col-rodella,https://www.skiset.co.uk/ski-resort/canazei-val-di-fassa,elevation set to resort sector range
1,4,Italy,IT,val-di-fassa,Val di Fassa,san-martino-di-castrozza,San Martino di Castrozza,San Martino di Castrozza,1404,2357,1880,1473,Dolomiti Superski,https://www.sanmartino.com/en,San Martino di Castrozza - Trentino - Italy PLEASE NOTE: THE SAN MARTINO DI CASTROZZA SKIING AREA IS CURRENTLY CLOSED AND REOPENS FOR THE 20,https://www.trentino.com/en/leisure-activities/winter-sports/skiing-areas-in-trentino/ski-area-san-martino-di-castrozza/,https://www.skiresort.com/en/ski-resort/san-martino-di-castrozza/,
1,4,Italy,IT,madonna-di-campiglio,Madonna di Campiglio · Val di Sole,madonna-di-campiglio,Madonna di Campiglio,Madonna di Campiglio,1550,2504,2027,1498,Skirama Dolomiti Adamello Brenta,https://www.campigliodolomiti.it/en,Ski resort opening dates 2026/27 - Rent and Go Madonna di Campiglio Noleggio del Brenta Campiglio Nord 21 November 2026,https://www.rentandgo.it/en/news/ski-resort-opening-dates-2026-27,https://www.alps2alps.com/wiki/resorts/madonna-di-campiglio/,elevation set to resort sector range
1,4,Italy,IT,madonna-di-campiglio,Madonna di Campiglio · Val di Sole,folgarida-marilleva,Folgarida-Marilleva,Marilleva,1300,2180,1740,1428,Skirama Dolomiti Adamello Brenta,https://www.valdisole.net/en,lgarida Marilleva skiing area - Trentino - Italy PLEASE NOTE: THE FOLGARIDA MARILLEVA SKIING AREA IS CURRENTLY CLOSED AND REOPENS FOR THE 20,https://www.trentino.com/en/leisure-activities/winter-sports/skiing-areas-in-trentino/folgarida-marilleva-skiing-area/,https://www.snowtrex.ie/italy/folgarida/ski-area.html,elevation set to resort sector range
1,4,Italy,IT,madonna-di-campiglio,Madonna di Campiglio · Val di Sole,pontedilegno-tonale,Pontedilegno-Tonale,Passo del Tonale,1121,3000,2060,1884,Adamello Ski,https://www.pontedilegnotonale.com/en,Home Ponte di Legno Tonale Winter season 2026/2027 skipass prices are now available online.,https://www.pontedilegnotonale.com/en/,https://www.skiresort.com/en/ski-resort/ponte-di-legno-tonale-presena-glacier-temu-pontedilegno-tonale/,
1,4,Italy,IT,alta-valtellina,Livigno · Bormio,livigno,Livigno,Livigno,1816,2798,2307,1821,Livigno,https://www.livigno.eu/en,LIVIGNO’S 2026/27 WINTER SEASON KICKS OFF ON NOVEMBER 28 ... Livigno is preparing to kick off the 2026/27 winter season on Novem,https://blog.livigno.eu/en/livignos-2026/27-winter-season-kicks-off-on-november-28-bringing-innovation-high-quality-experiences-and-olympic-spirit,https://www.skiresort.com/en/ski-resort/livigno/,
1,4,Italy,IT,alta-valtellina,Livigno · Bormio,bormio,Bormio,Bormio,1200,3017,2108,1225,Alta Valtellina,https://www.bormioski.eu/,Events' calendar & News of Bormio Ski 2024/2025 - 4 December 2026 Opening of the winter season at Bormio Ski Area,https://www.bormioski.eu/en/calendar/,https://www.skiresort.com/en/ski-resort/bormio-cima-bianca/,
1,4,Italy,IT,cervinia,Cervinia · Valtournenche,breuil-cervinia,Breuil-Cervinia,Breuil-Cervinia,2050,3480,2765,2005,Matterhorn Ski Paradise,https://www.cervinia.it/en,"Breuil-Cervinia Ski Holidays 2026/27, Ski Resort Guide WeSki The glacier ensures a generous season from late October through early May, with",https://www.weski.com/ski-resorts/italy/cervinia,https://www.lovevda.it/en/database/5/downhill-skiing/breuil-cervinia/bontadini/,elevation set to resort sector range
1,4,Italy,IT,courmayeur,Courmayeur · La Thuile,courmayeur,Courmayeur,Courmayeur,1370,3466,2418,1215,Courmayeur Mont Blanc,https://www.courmayeur-montblanc.com/en,Courmayeur Snow Report: Is It Open Today? - SnowVerdict Courmayeur has announced 28 Nov as opening day for 2026/27; the season runs until 11,https://snowverdict.com/italy/courmayeur/,https://www.skiresort.com/en/ski-resort/monte-bianco-courmayeur/,
1,4,Italy,IT,courmayeur,Courmayeur · La Thuile,la-thuile,La Thuile,La Thuile,1441,2641,2041,1464,Espace San Bernardo,https://www.lathuile.it/en,Slopes and ski lifts in la Thuile - Aosta Valley Opening of the ski area: 28 November 2026 Closing of the ski area: 11 April 2027,https://www.lathuile.it/en/slopes-and-lifts,https://funivie.it/en/resorts/la-thuile/,elevation set to resort sector range
1,4,Italy,IT,monterosa,Monterosa Ski,champoluc,Champoluc (Monterosa Ski),Champoluc,1568,2727,2148,1561,Monterosa Ski,https://www.monterosaski.com/en,"Ski lift opening dates in Italy, winter 2026/27 - Funivie.it Monterosa Ski (3 valleys) (Champoluc, Gressoney, Alagna) 28 November 2026 11 Ap",https://funivie.it/en/articles/apertura-impianti-2026-date-comprensori/,https://www.alpematch.com/locations/champoluc,elevation set to resort sector range
1,4,Italy,IT,monterosa,Monterosa Ski,alagna-valsesia,Alagna Valsesia (Monterosa Ski),Alagna Valsesia,1212,3275,2244,1173,Monterosa Ski,https://www.monterosaski.com/en,"Winter 2026/2027 - Monterosa Ski opening dates From Saturday, November 28, 2026, to Sunday, April 11, 2027 , snow con",https://monterosaski.eu/en/experiences/monterosa-ski-opening-dates-winter-29318,https://www.skilife.ski/en/alagna-valsesia/ski-map/,elevation set to resort sector range
1,4,Italy,IT,pila,Pila · Aosta,pila,Pila,Pila,1540,2740,2140,1789,Independent,https://www.pila.it/en,"- Buy your lift tickets and skipasses ... We look forward to welcoming you back for the next winter season, scheduled to open on Saturday, 2",https://pila.skiperformance.com/en/,https://www.skiresort.com/en/ski-resort/pila/,elevation set to resort sector range
1,4,Italy,IT,via-lattea,Via Lattea,sestriere,Sestriere,Sestriere,2035,2823,2429,2039,Via Lattea,https://www.vialattea.it/en,2026/2027 Ski Season in Vialattea (Sestriere - Sauze d'Oulx) Opening 11/28/2026 ... 04/18/2027,https://www.esquiades.com/en/skiresort/opening-closing-dates-vialattea-sestriere/231/,https://skitheworld.net.au/western-europe/italy/sestriere,elevation set to resort sector range
1,4,Italy,IT,via-lattea,Via Lattea,sauze-d-oulx,Sauze d'Oulx,Sauze d'Oulx,1509,2507,2008,1512,Via Lattea,https://www.vialattea.it/en,Ski Pass Prices - Sauze d'Oulx & Vialattea ski area 2026-2027 The lift opening dates are from the 5th Dec 2026 until the 11th April 2027 (co,https://www.lovesauze.com/ski-snowboard-sauze-doulx/ski-pass-lift-ticket-prices/,https://www.villagesitaly.com/villages/sauze-doulx/,elevation set to resort sector range
2,5,Andorra,AD,grandvalira,Grandvalira,grandvalira-soldeu-el-tarter,Grandvalira (Soldeu-El Tarter),Soldeu,1710,2640,2175,1847,Grandvalira Resorts,https://www.grandvalira.com/en,www.grandvalira.com › en › faqsWeather/Snow Conditions/Open Trails Grandvalira The opening of the 2026/2027 season is scheduled for December,https://www.grandvalira.com/en/faqs/general-information/weather-snow-conditions-open-trails,https://www.soldeu.com/grandvalira/,elevation set to resort sector range
2,5,Andorra,AD,grandvalira,Grandvalira,grandvalira-pas-de-la-casa,Grandvalira (Pas de la Casa),Pas de la Casa,2050,2640,2345,2086,Grandvalira Resorts,https://www.grandvalira.com/en,www.grandvalira.com › en › faqsWeather/Snow Conditions/Open Trails Grandvalira The opening of the 2026/2027 season is scheduled for December,https://www.grandvalira.com/en/faqs/general-information/weather-snow-conditions-open-trails,https://www.bestsnowhotels.com/en/destinations/pas-de-la-casa,elevation set to resort sector range
2,5,Andorra,AD,pal-arinsal,Pal Arinsal · Ordino Arcalís,pal-arinsal,Pal Arinsal,Arinsal,1550,2537,2044,1481,Grandvalira Resorts,https://www.palarinsal.com/en,"When is the resort expected to open? - Pal Arinsal The opening of the 2026/2027 season is scheduled for December 4, weather permitting.",https://www.palarinsal.com/en/faqs/general-information/opening-closing-station/when-resort-expected-open-0,https://www.skiresort.com/en/ski-resort/pal-arinsal-la-massana/,
2,5,Andorra,AD,pal-arinsal,Pal Arinsal · Ordino Arcalís,ordino-arcalis,Ordino Arcalís,Ordino,1940,2625,2282,2223,Grandvalira Resorts,https://www.ordinoarcalis.com/en,"Promotions/Discounts The opening of the 2026/2027 season is scheduled for December 4, weather permitting.",https://www.ordinoarcalis.com/en/faqs/general-information/promotions-discounts,https://www.skiresort.com/en/ski-resort/ordino-arcalis/,
2,5,Spain,ES,val-d-aran,Val d'Aran,baqueira-beret,Baqueira Beret,Baqueira,1500,2610,2055,1481,Independent,https://www.baqueira.es/,"baqueira.net › blog › baqueira-opening-datesWhen Does Baqueira Open? 2026–27 Season Dates & Lift Hours In July 2026, when it opened early sa",https://baqueira.net/blog/baqueira-opening-dates,https://en.wikipedia.org/wiki/Baqueira-Beret,
2,5,Spain,ES,cerdanya,La Cerdanya,la-molina,La Molina,La Molina,1616,2537,2076,1423,Independent,https://www.lamolina.cat/en,Current season 2026-11-28 to 2027-04-25,https://www.skiresort.com/en/ski-resort/la-molina-masella-alp2500/,https://www.skiresort.com/en/ski-resort/la-molina-masella-alp2500/,
2,5,Spain,ES,aragon-pyrenees,Aragon Pyrenees,formigal-panticosa,Formigal-Panticosa,Sallent de Gállego,1510,2250,1880,1542,Aramón,https://www.formigal-panticosa.com/en,"Planned opening 27/11/2026 (unconfirmed), closing 04/04/2027",https://www.infonieve.es/estacion-esqui/formigal-panticosa/,https://en.wikipedia.org/wiki/Formigal_Ski_Resort,
2,5,Spain,ES,sierra-nevada,Sierra Nevada,sierra-nevada,Sierra Nevada,Pradollano,2100,3300,2700,2150,Cetursa,https://sierranevada.es/en,www.onthesnow.com › sierra-nevada › projected-openingsSierra Nevada Ski Resort Projected Opening Dates 2026/2027 ... The 2026/27 Sierra Neva,https://www.onthesnow.com/sierra-nevada/projected-openings,https://en.wikipedia.org/wiki/Sierra_Nevada_Ski_Station,
1,6,Germany,DE,garmisch,Garmisch-Partenkirchen,garmisch-classic,Garmisch-Classic,Garmisch-Partenkirchen,740,2050,1395,705,Zugspitze region,https://zugspitze.de/en,www.skiresort.com · en · ski-resortSki resort Garmisch-Classic – Garmisch-Partenkirchen Current season: 2026-12-12 - 2027-03-29,https://www.skiresort.com/en/ski-resort/garmisch-classic-garmisch-partenkirchen/,https://www.skiresort.com/en/ski-resort/garmisch-classic-garmisch-partenkirchen/,
1,6,Germany,DE,garmisch,Garmisch-Partenkirchen,zugspitze-glacier,Zugspitze Glacier,Garmisch-Partenkirchen,2000,2650,2325,2327,Zugspitze region,https://zugspitze.de/en,Official: ski season at Zugspitze expected 27.11.2026 to 02.05.2027,https://zugspitze.de/en/Service-information/Opening-hours-timetables,https://www.skiresort.com/en/ski-resort/zugspitze/,
1,6,Germany,DE,oberstdorf,Oberstdorf · Allgäu,fellhorn-kanzelwand,Fellhorn-Kanzelwand,Oberstdorf,920,1967,1444,1149,OK Bergbahnen,https://www.ok-bergbahnen.com/en,Ski resort Fellhorn/Kanzelwand – Oberstdorf/Riezlern - Skiresort.info Current season: 2026-12-04 - 2027-04-04,https://www.skiresort.com/en/ski-resort/fellhorn-kanzelwand-oberstdorf-riezlern/,https://www.skiresort.com/en/ski-resort/fellhorn-kanzelwand-oberstdorf-riezlern/,
1,6,Germany,DE,oberstdorf,Oberstdorf · Allgäu,nebelhorn,Nebelhorn,Oberstdorf,828,2224,1526,1149,OK Bergbahnen,https://www.ok-bergbahnen.com/en,www.skiinfo.de · allgaeu · saisoneroeffnung-skigebieteSkisaison Allgäu 2026/2027 Saisoneröffnung & Skiopening-Termine Oberstdorf - Nebelhorn,https://www.skiinfo.de/allgaeu/saisoneroeffnung-skigebiete,https://www.skiresort.com/en/ski-resort/nebelhorn-oberstdorf/,
1,6,Germany,DE,berchtesgaden,Berchtesgaden,jenner,Jenner,Schönau am Königssee,1530,1800,1665,589,Independent,https://www.jennerbahn.de/en,Germany Ski Resort Projected Opening Dates The 2026/27 Ski season in the Germany starts from 2026/11/21. ... Jenner Dec 05,https://www.onthesnow.co.uk/germany/projected-openings,https://www.skiresort.com/en/ski-resort/jenner-schoenau-am-koenigssee/,
1,6,Germany,DE,black-forest,Black Forest,feldberg,Feldberg,Feldberg,950,1450,1200,1262,Liftverbund Feldberg,https://www.liftverbund-feldberg.de/en,"Feldberg Liftverbund published 2026–2027 ticket prices, opening 28 Nov 2026, closing 21 Mar 2027",https://www.skiinfo.de/schwarzwald/liftverbund-feldberg/skipaesse,https://www.skiresort.info/ski-resort/feldberg-seebuck-grafenmatt-fahl/,
1,6,Germany,DE,sauerland,Sauerland,winterberg-skiliftkarussell,Winterberg Skiliftkarussell,Winterberg,630,820,725,672,Skiliftkarussell,https://www.skiliftkarussell.de/en,Ski resort Winterberg (Skiliftkarussell) Current season: 2026-11-27 - 2027-04-11,https://www.skiresort.com/en/ski-resort/winterberg-skiliftkarussell/,https://www.skiresort.com/en/ski-resort/winterberg-skiliftkarussell/,
2,7,Norway,NO,hallingdal,Hallingdal,hemsedal,Hemsedal,Hemsedal,620,1450,1035,637,SkiStar,https://www.skistar.com/en/hemsedal,Snow report Hemsedal - Skiresort.info Planned start of season: 5 Dec 2026 Planned end of season: 2 May 2027,https://www.skiresort.com/en/ski-resort/hemsedal/snow-report/,https://www.skiresort.com/en/ski-resort/hemsedal/,
2,7,Norway,NO,hallingdal,Hallingdal,geilo,Geilo,Geilo,779,1178,978,777,Independent,https://www.skigeilo.no/en,"Bestill vintersesongen 2026/2027 på Geilo - SkiGeilo.no Sesongstart er som regel siste helgen i november og varer til midten av april, avhen",https://www.skigeilo.no/reiseinspirasjon/vinter-pa-geilo,https://www.skiresort.com/en/ski-resort/geilo/,
2,7,Norway,NO,trysil,Trysil,trysil,Trysil,Trysil,395,1100,748,361,SkiStar,https://www.skistar.com/en/trysil,"Ski season opening 2026/27 – Sälen, Trysil & Åre The official opening is planned in connection with Ski Test Weekend from 4 December.",http://www.skistar.com/en/inspiration/season-opening-at-our-ski-resorts/,https://www.skiresort.com/en/ski-resort/trysil/,
2,7,Norway,NO,lillehammer,Lillehammer,hafjell,Hafjell,Øyer,200,1030,615,190,Alpinco,https://www.hafjell.no/en,Skiinfo Norway 2026/27 opening list: Hafjell 28 Nov,https://www.skiinfo.no/norge/aapningsdato-for-skianlegg,https://en.wikipedia.org/wiki/Hafjell,
2,7,Norway,NO,lillehammer,Lillehammer,kvitfjell,Kvitfjell,Ringebu,185,1039,612,759,Alpinco,https://www.kvitfjell.no/en,Ski resort Kvitfjell Current season: 2026-11-28 - 2027-04-18,https://www.skiresort.com/en/ski-resort/kvitfjell/,https://en.wikipedia.org/wiki/Kvitfjell,
2,7,Norway,NO,western-norway,Western Norway,myrkdalen,Myrkdalen,Voss,450,1060,755,381,Independent,https://www.myrkdalen.no/en,Myrkdalen Ski Resort – Opening Hours and Trail Maps 27 November 2026 - 25 April 2027: Open every day,https://www.norwaysbest.com/en/myrkdalen/ski-resort/opening-hours-and-trail-map,https://www.skiresort.com/en/ski-resort/myrkdalen/,
2,7,Norway,NO,western-norway,Western Norway,voss-resort,Voss Resort,Voss,284,964,624,60,Independent,https://www.vossresort.no/en,Opening Hours Summer season 2026 1 May - 4 June,https://www.vossresort.no/en/information/opening-hours,https://www.skiresort.info/ski-resort/voss-resort/,
2,7,Sweden,SE,are,Åre,are,Åre,Åre,380,1319,850,403,SkiStar,https://www.skistar.com/en/are,"www.skistar.com · en · inspirationSki season opening 2026/27 – Sälen, Trysil & Åre The official opening is planned in connection with Ski Te",https://www.skistar.com/en/inspiration/season-opening-at-our-ski-resorts/,https://www.skiresort.com/en/ski-resort/aare/,
2,7,Sweden,SE,are,Åre,vemdalen,Vemdalen,Vemdalen,592,946,769,411,SkiStar,https://www.skistar.com/en/vemdalen,"Ski season opening 2026/27 – Sälen, Trysil & Åre The official opening is planned in connection with Ski premiere, Ski Test & Christmas Mark",http://www.skistar.com/en/inspiration/season-opening-at-our-ski-resorts/,https://www.skiresort.info/ski-resort/vemdalsskalet/,
2,7,Sweden,SE,salen,Sälen,salen,Sälen (Lindvallen-Högfjället-Tandådalen-Hundfjället),Sälen,579,887,733,723,SkiStar,https://www.skistar.com/en/salen,"Saisoneröffnung 2026/27 – Sälen, Trysil & Åre Die offizielle Eröffnung ist im Rahmen des Ski Test Weekend ab dem 4. Dezember geplant.",http://www.skistar.com/de/inspiration/saisoneroffnung-an-unseren-skigebieten/,https://www.skiresort.com/en/ski-resort/lindvallen-hoegfjaellet-saelen/,elevation set to resort sector range
2,7,Sweden,SE,riksgransen,Riksgränsen,riksgransen,Riksgränsen,Riksgränsen,520,909,714,729,Independent,https://riksgransen.se/en,"Opening hours winter season 2026 - Riksgränsen # Vintersäsongen 2027, 18 feb – 23 maj.",https://riksgransen.se/en/about-us/winter-opening-hours/,https://en.wikipedia.org/wiki/Riksgr%C3%A4nsen,
2,7,Finland,FI,finnish-lapland,Finnish Lapland,levi,Levi,Levi,206,531,368,200,Levi,https://www.levi.fi/en,"Slopes and lifts - Levi Levi's ski season 2026–2027 kicked off on 2 October 2026 at Front Slopes with preserved snow, and more slopes open a",https://www.levi.fi/en/ski/slopes-and-lifts/,https://en.wikipedia.org/wiki/Levi%2C_Finland,
2,7,Finland,FI,finnish-lapland,Finnish Lapland,yllas,Ylläs,Äkäslompolo,255,719,487,221,Ylläs,https://www.yllas.fi/en,Ski resort Ylläs Current season: 2026-11-21 - 2027-05-02,https://www.skiresort.com/en/ski-resort/yllaes/,https://www.skiresort.com/en/ski-resort/yllaes/,
2,7,Finland,FI,finnish-lapland,Finnish Lapland,pyha,Pyhä,Pyhätunturi,203,500,352,193,Pyhä,https://pyha.fi/en,Pyhä Ski Resort Pyhä.fi The opening goal for the winter season 2026-2027 is at the end of November.,https://www.pyha.fi/en/skiresort-winter,https://www.skiresort.com/en/ski-resort/pyhae/,
2,7,Finland,FI,ruka,Ruka,ruka,Ruka,Ruka,291,492,392,359,Ruka,https://www.ruka.fi/en,Ruka ski season open from 2 October 2026: lifts and prices Ruka in Kuusamo opened its 2026–2027 ski season on the Saarua slopes at 9:30 on F,https://laplandskiresorts.com/news/ruka-ski-season-opens-2026/,https://www.skiresort.com/en/ski-resort/ruka/,
2,8,Slovenia,SI,julian-alps,Julian Alps,kranjska-gora,Kranjska Gora,Kranjska Gora,807,1282,1044,1050,Independent,https://www.kranjska-gora.si/en,Summer SKI Kranjska Gora Poletna sezona 2026 je zaključena. ... The summer season 2026 is over.,https://www.ski-kranjska-gora.com/en/summer,https://www.skiresort.com/en/ski-resort/kranjska-gora/,
2,8,Slovenia,SI,julian-alps,Julian Alps,vogel,Vogel,Bohinj,569,1800,1184,539,Independent,https://www.vogel.si/en,Snow report Vogel – Bohinj Planned start of season: 19 Dec 2026 Planned end of season: 4 Apr 2027,https://www.skiresort.com/en/ski-resort/vogel-bohinj/snow-report/,https://www.skiresort.com/en/ski-resort/vogel-bohinj/,
2,8,Slovenia,SI,julian-alps,Julian Alps,krvavec,Krvavec,Cerklje na Gorenjskem,1450,1971,1710,1832,Independent,https://www.rtc-krvavec.si/,Ski resort Krvavec Current season: 2026-11-28 - 2027-04-18,https://www.skiresort.com/en/ski-resort/krvavec/,https://www.skiresort.com/en/ski-resort/krvavec/,
2,8,Bulgaria,BG,bansko,Bansko,bansko,Bansko,Bansko,990,2530,1760,946,Independent,https://www.banskoski.com/en,"Bansko Ski Season 2026/27: Dates, Lift Pass Prices and When to Go Official 2026/27 dates: not yet published. The resort operato",https://banskoskimania.com/bansko-ski-season-dates-lift-prices/,https://www.skiresort.com/en/ski-resort/bansko/,
2,8,Bulgaria,BG,borovets,Borovets,borovets,Borovets,Borovets,1315,2550,1932,1332,Independent,https://www.borovets-bg.com/en,Ski resort Borovets - Skiresort.info Current season: 2026-12-19 - 2027-04-11,https://www.skiresort.com/en/ski-resort/borovets/,https://www.skiresort.com/en/ski-resort/borovets/,
2,8,Bulgaria,BG,pamporovo,Pamporovo,pamporovo,Pamporovo,Pamporovo,1420,1928,1674,1643,Independent,https://pamporovo.me/,Snow report Pamporovo Planned start of season: 19 Dec 2026 Planned end of season: 11 Apr 2027,https://www.skiresort.com/en/ski-resort/pamporovo/snow-report/,https://en.wikipedia.org/wiki/Pamporovo,
2,8,Poland,PL,tatras-pl,Polish Tatras,kasprowy-wierch,Kasprowy Wierch (Zakopane),Zakopane,1014,1987,1500,1012,PKL,https://www.pkl.pl/,Ski resort Kasprowy Wierch – Zakopane Current season: 2026-12-12 - 2027-04-18,https://www.skiresort.com/en/ski-resort/kasprowy-wierch-zakopane/,https://www.skiresort.com/en/ski-resort/kasprowy-wierch-zakopane/,
2,8,Poland,PL,tatras-pl,Polish Tatras,biaka-tatrzanska,Białka Tatrzańska (Kotelnica),Białka Tatrzańska,680,910,795,682,Tatry Super Ski,https://www.kotelnica.pl/en,Ski resort Białka Tatrzańska – Kotelnica/Kaniówka/Bania Current season: 2026-11-28 - 2027-04-11,https://www.skiresort.com/en/ski-resort/bialka-tatrzanska-kotelnica-kaniowka-bania/,https://www.onthesnow.co.uk/lesser-poland/bialka-tatrzanska/ski-resort,elevation set to resort sector range
2,8,Slovakia,SK,tatras-sk,Slovak Tatras,jasna-nizke-tatry,Jasná Nízke Tatry,Liptovský Mikuláš,943,2024,1484,1159,Gopass,https://www.jasna.sk/en,Ski resort Jasná Nízke Tatry – Chopok - Skiresort.info Current season: 2026-11-28 - 2027-05-02,https://www.skiresort.com/en/ski-resort/jasna-nizke-tatry-chopok/,https://en.wikipedia.org/wiki/Jasn%C3%A1,
2,8,Slovakia,SK,tatras-sk,Slovak Tatras,tatranska-lomnica,Tatranská Lomnica,Tatranská Lomnica,888,2190,1539,849,Gopass,https://www.vt.sk/en,Ski resort Tatranská Lomnica Current season: 2026-12-19 - 2027-04-11,https://www.skiresort.com/en/ski-resort/tatranska-lomnica/,https://www.skiresort.com/en/ski-resort/tatranska-lomnica/,
2,8,Czechia,CZ,krkonose,Krkonoše,spindleruv-mlyn,Špindlerův Mlýn,Špindlerův Mlýn,702,1235,968,721,Independent,https://www.skiareal.cz/en,"opojuje a mění svou tvář. Do prodeje ... A pak je tu už tradiční Špindl SkiOpening, kterým celý skiareál slavnostně odstartuje zimní sezónu ",https://www.skiareal.cz/fileadmin/user_upload/2026/8_9_2026_Spindleruv_Mlyn_se_propojuje_a_meni_svou_tvar__2_.pdf,https://www.skiresort.com/en/ski-resort/spindleruv-mlyn/,
2,8,United Kingdom,GB,cairngorms,Cairngorms,cairngorm-mountain,Cairngorm Mountain,Aviemore,640,1230,935,852,Independent,https://cairngormmountain.co.uk,Snow report Cairngorm Mountain - Skiresort.info Planned start of season: 5 Dec 2026 Planned end of season: 4 Apr 2027,https://www.skiresort.com/en/ski-resort/cairngorm-mountain/snow-report/,https://www.skiresort.com/en/ski-resort/cairngorm-mountain/,
2,8,United Kingdom,GB,cairngorms,Cairngorms,glenshee,Glenshee,Braemar,650,900,775,650,Independent,https://www.ski-glenshee.co.uk,Ski resort Glenshee - Skiresort.info Current season: 2026-12-19 - 2027-03-14,https://www.skiresort.com/en/ski-resort/glenshee/,https://www.skiresort.com/en/ski-resort/glenshee/,
2,8,United Kingdom,GB,cairngorms,Cairngorms,the-lecht,The Lecht,Tomintoul,637,775,706,638,Independent,https://www.lecht.co.uk,Ski resort The Lecht Current season: 2026-12-19 - 2027-03-14,https://www.skiresort.com/en/ski-resort/the-lecht/,https://www.skiresort.com/en/ski-resort/the-lecht/,
2,8,United Kingdom,GB,lochaber,Lochaber · Glencoe,nevis-range,Nevis Range,Fort William,655,1221,938,102,Independent,https://www.nevisrange.co.uk,Snow report Nevis Range - Skiresort.info Planned start of season: 19 Dec 2026 Planned end of season: 21 Mar 2027,https://www.skiresort.com/en/ski-resort/nevis-range/snow-report/,https://www.skiresort.com/en/ski-resort/nevis-range/,
2,8,United Kingdom,GB,lochaber,Lochaber · Glencoe,glencoe-mountain,Glencoe Mountain,Glencoe,360,1070,715,735,Independent,https://www.glencoemountain.co.uk,Ski resort Glencoe Mountain Current season: 2026-12-19 - 2027-04-11,https://www.skiresort.com/en/ski-resort/glencoe-mountain/,https://www.skiresort.com/en/ski-resort/glencoe-mountain/,
