country,region,mountain_id,name,old_live_m,new_runtime_m,audit_suggested_m,base_m,summit_m,status,reason,source_url,checked_at,source_type
"US","bear-valley","bear-valley-mountain-resort","Bear Valley Mountain Resort","1712","2302","2302","2012","2591","matched","Published region elevation agrees with audit","","",""
"US","big-bear","bear-mountain","Bear Mountain","1876","2431","2430","2176","2685","matched","Published region elevation agrees with audit","","",""
"US","cache-valley","beaver-mountain","Beaver Mountain","1882","2442","2442","2182","2701","matched","Published region elevation agrees with audit","","",""
"US","cottonwood-canyons","alta","Alta","2300","2987","2987","2600","3374","matched","Published region elevation agrees with audit","","",""
"US","cottonwood-canyons","brighton-resort","Brighton","2369","2935","2934","2669","3200","matched","Published region elevation agrees with audit","","",""
"US","grand-targhee","grand-targhee-resort","Grand Targhee Resort","2093","2700","2700","2393","3006","matched","Published region elevation agrees with audit","","",""
"US","jackson-hole","jackson-hole-mtn-resort","Jackson Hole Mountain Resort","1635","2555","2554","1924","3185","matched","Published region elevation agrees with audit","","",""
"US","jackson-hole","snow-king-mountain","Snow King Mountain","1616","2141","2140","1901","2380","matched","Published region elevation agrees with audit","","",""
"US","jay-peak-nek","burke-mountain","Burke Mountain","314","683","682","369","996","matched","Published region elevation agrees with audit","","",""
"US","jay-peak-nek","jay-peak","Jay Peak","470","881","881","553","1209","matched","Published region elevation agrees with audit","","",""
"US","killington-pico","killington-resort","Killington","302","824","824","355","1293","matched","Published region elevation agrees with audit","","",""
"US","killington-pico","pico-mountain","Pico Mountain","518","910","910","610","1209","matched","Published region elevation agrees with audit","","",""
"US","mad-river-valley","mad-river-glen","Mad River Glen","415","799","798","488","1109","matched","Published region elevation agrees with audit","","",""
"US","mad-river-valley","sugarbush","Sugarbush","408","862","862","480","1244","matched","Published region elevation agrees with audit","","",""
"US","mammoth-lakes","mammoth-mountain","Mammoth Mountain","2123","2896","2896","2423","3369","matched","Published region elevation agrees with audit","","",""
"US","north-lake-tahoe","palisades-tahoe","Palisades Tahoe","1606","2324","2324","1890","2758","matched","Published region elevation agrees with audit","","",""
"US","north-lake-tahoe","sugar-bowl","Sugar Bowl","1798","2326","2326","2098","2554","matched","Published region elevation agrees with audit","","",""
"US","ogden-valley","nordic-valley","Nordic Valley","1390","1894","1894","1635","2152","matched","Published region elevation agrees with audit","","",""
"US","ogden-valley","snowbasin","Snowbasin","1636","2421","2421","1925","2917","matched","Published region elevation agrees with audit","","",""
"US","okemo","okemo-mountain-resort","Okemo Mountain Resort","297","684","684","349","1019","matched","Published region elevation agrees with audit","","",""
"US","park-city","park-city-mountain","Park City Mountain","1773","2578","2578","2100","3056","matched","Published region elevation agrees with audit","","",""
"US","provo","sundance-mountain-resort","Sundance Mountain Resort","1580","2187","2187","1859","2515","matched","Published region elevation agrees with audit","","",""
"US","south-lake-tahoe","heavenly","Heavenly","1621","2488","2488","1907","3068","matched","Published region elevation agrees with audit","","",""
"US","south-lake-tahoe","homewood-mountain-resort","Homewood Mountain Resort","1614","2150","2150","1899","2401","matched","Published region elevation agrees with audit","","",""
"US","southern-vermont","bromley-mountain","Bromley Mountain","505","798","798","594","1001","matched","Published region elevation agrees with audit","","",""
"US","southern-vermont","stratton-mountain-resort","Stratton","485","876","876","571","1181","matched","Published region elevation agrees with audit","","",""
"US","stowe-smugglers-notch","smugglers-notch","Smugglers' Notch","270","712","712","314","1109","matched","Published region elevation agrees with audit","","",""
"US","stowe-smugglers-notch","stowe-mountain-resort","Stowe Mountain Resort","347","874","874","408","1340","matched","Published region elevation agrees with audit","","",""
"US","summit-county","breckenridge-resort","Breckenridge","2626","3420","3420","2926","3914","matched","Published region elevation agrees with audit","","",""
"US","summit-county","loveland","Loveland","2945","3557","3556","3245","3868","matched","Published region elevation agrees with audit","","",""
"US","bend","hoodoo-ski-area","Hoodoo Ski Area","1213","1582","1582","1427","1737","matched","Published region elevation agrees with audit","","",""
"US","big-bear","snow-valley-mountain-resort","Snow Valley Mountain Resort","1773","2233","2233","2073","2393","matched","Published region elevation agrees with audit","","",""
"US","bighorn-mountains","antelope-butte-mountain-recreation-area","Antelope Butte Mountain Recreation Area","2260","2713","2712","2560","2865","matched","Published region elevation agrees with audit","","",""
"US","boulder-front-range","echo-mountain","Echo Mountain","2763","3155","3154","3063","3246","matched","Published region elevation agrees with audit","","",""
"US","casper","hogadon-basin-ski-area","Hogadon Basin Ski Area","1956","2347","2347","2256","2438","matched","Published region elevation agrees with audit","","",""
"US","cloudcroft","ski-cloudcroft","Ski Cloudcroft","2260","2667","2667","2560","2774","matched","Published region elevation agrees with audit","","",""
"US","cordova","mt-eyak-ski-area","Mt. Eyak Ski Area","100","244","190","122","366","official-correction","Official ski-area homepage: 400ft base, 1200ft top of chairlift; 122/366m.","https://www.mteyak.org/","2026-09-25","resort-operated"
"US","durango","silverton-mountain","Silverton Mountain","2870","3641","3640","3170","4111","matched","Published region elevation agrees with audit","","",""
"US","eastern-oregon","anthony-lakes-mountain-resort","Anthony Lakes Mountain Resort","1864","2301","2301","2164","2438","matched","Published region elevation agrees with audit","","",""
"US","fairbanks","moose-mountain-ski-resort","Moose Mountain Ski Resort","199","410","410","213","606","matched","Published region elevation agrees with audit","","",""
"US","fairbanks","ski-land","Ski Land","337","569","568","396","741","matched","Published region elevation agrees with audit","","",""
"US","fresno-china-peak","china-peak-mountain-resort","China Peak Mountain Resort","1849","2401","2400","2149","2652","matched","Published region elevation agrees with audit","","",""
"US","girdwood","arctic-valley-ski-area","Arctic Valley Ski Area","648","975","975","762","1188","matched","Published region elevation agrees with audit","","",""
"US","girdwood","hilltop-ski-area-and-bike-park","Hilltop Ski Area and Bike Park","103","195","127","150","240","official-correction","Official resort: base 492ft, top 786ft; 150/240m after exact conversion.","https://www.hilltopskiarea.org/the-mountain","2026-09-25","resort-operated"
"US","glenwood-springs","sunlight-mountain-resort","Sunlight Mountain Resort","2103","2710","2710","2403","3016","matched","Published region elevation agrees with audit","","",""
"US","grand-mesa","powderhorn-mountain-resort","Powderhorn Mountain Resort","2199","2751","2750","2499","3002","matched","Published region elevation agrees with audit","","",""
"US","great-falls-showdown","showdown-montana","Showdown Montana","1773","2286","2286","2073","2499","matched","Published region elevation agrees with audit","","",""
"US","helena-great-divide","great-divide-ski-area","Great Divide Ski Area","1510","2006","2006","1777","2234","matched","Published region elevation agrees with audit","","",""
"US","idaho-falls-kelly-canyon","kelly-canyon-resort","Kelly Canyon Resort","1451","1860","1860","1707","2012","matched","Published region elevation agrees with audit","","",""
"US","kern-river","alta-sierra-ski-resort-and-terrain-park","Alta Sierra Ski Resort and Terrain Park","1684","2071","2071","1981","2161","matched","Published region elevation agrees with audit","","",""
"US","laramie-snowy-range","snowy-range-ski-area","Snowy Range Ski Area","2382","2814","2814","2682","2945","matched","Published region elevation agrees with audit","","",""
"US","las-vegas-lee-canyon","lee-canyon","Lee Canyon","2340","2748","2748","2640","2856","matched","Published region elevation agrees with audit","","",""
"US","libby-northwest-montana","turner-mountain-ski-area","Turner Mountain Ski Area","995","1493","1492","1171","1814","matched","Published region elevation agrees with audit","","",""
"US","los-alamos-pajarito","pajarito-mountain-ski-area","Pajarito Mountain Ski Area","2443","2963","2962","2743","3182","matched","Published region elevation agrees with audit","","",""
"US","missoula","montana-snowbowl","Montana Snowbowl","1295","1920","1920","1524","2316","matched","Published region elevation agrees with audit","","",""
"US","north-lake-tahoe","boreal-mountain-california","Boreal Mountain California","1895","2271","2271","2195","2347","matched","Published region elevation agrees with audit","","",""
"US","north-lake-tahoe","donner-ski-ranch","Donner Ski Ranch","1843","2293","2292","2143","2442","matched","Published region elevation agrees with audit","","",""
"US","north-lake-tahoe","granlibakken-tahoe-ski-snowboard-hill","Granlibakken Tahoe Ski & Snowboard Hill","1658","1983","1983","1951","2015","matched","Published region elevation agrees with audit","","",""
"US","north-lake-tahoe","soda-springs-mountain-resort","Soda Springs Mountain Resort","1742","2142","2142","2042","2241","matched","Published region elevation agrees with audit","","",""
"US","olympic-peninsula","hurricane-ridge-ski-snowboard-area","Hurricane Ridge Ski & Snowboard Area","1244","1570","1570","1463","1676","matched","Published region elevation agrees with audit","","",""
"US","pagosa-wolf-creek","wolf-creek-ski-area","Wolf Creek Ski Area","2839","3384","3384","3139","3628","matched","Published region elevation agrees with audit","","",""
"US","park-city","woodward-park-city","Woodward Park City","1684","2058","2058","1981","2134","matched","Published region elevation agrees with audit","","",""
"US","pinedale","white-pine-resort","White Pine Resort","2260","2728","2728","2560","2896","matched","Published region elevation agrees with audit","","",""
"US","pocatello-southeast-idaho","pebble-creek-ski-area","Pebble Creek Ski Area","1648","2274","2274","1939","2609","matched","Published region elevation agrees with audit","","",""
"US","red-river","red-river-ski-summer-area","Red River Ski & Summer Area","2367","2911","2911","2667","3155","matched","Published region elevation agrees with audit","","",""
"US","ruidoso","ski-apache","Ski Apache","2626","3201","3200","2926","3475","matched","Published region elevation agrees with audit","","",""
"US","salida-monarch","monarch-mountain","Monarch Mountain","2990","3460","3460","3290","3630","matched","Published region elevation agrees with audit","","",""
"US","san-gabriel-mountains","mt-baldy-resort","Mt Baldy Resort","1684","2301","2301","1981","2621","matched","Published region elevation agrees with audit","","",""
"US","silver-valley","lookout-pass-ski-and-recreation-area","Lookout Pass Ski and Recreation Area","1166","1624","1624","1372","1875","matched","Published region elevation agrees with audit","","",""
"US","silver-valley","silver-mountain-resort","Silver Mountain Resort","1062","1585","1585","1250","1920","matched","Published region elevation agrees with audit","","",""
"US","sonora-dodge-ridge","dodge-ridge-mountain-resort","Dodge Ridge Mountain Resort","1712","2256","2256","2012","2499","matched","Published region elevation agrees with audit","","",""
"US","southern-idaho-magic-valley","pomerelle-mountain-resort","Pomerelle Mountain Resort","2066","2519","2518","2366","2671","matched","Published region elevation agrees with audit","","",""
"US","southern-oregon","mt-ashland-ski-area","Mt. Ashland Ski Area","1647","2117","2117","1938","2296","matched","Published region elevation agrees with audit","","",""
"US","southern-utah","brian-head-resort","Brian Head Resort","2626","3135","3135","2926","3344","matched","Published region elevation agrees with audit","","",""
"US","southwest-montana-discovery","discovery-ski-area","Discovery Ski Area","1495","2122","2122","1759","2484","matched","Published region elevation agrees with audit","","",""
"US","spokane","49-degrees-north-mountain-resort","49° North Mountain Resort","1016","1482","1482","1195","1768","matched","Published region elevation agrees with audit","","",""
"US","spokane","mt-spokane-ski-snowboard-park","Mt. Spokane Ski & Snowboard Park","1083","1534","1534","1274","1793","matched","Published region elevation agrees with audit","","",""
"US","summit-county","cooper","Cooper","2900","3383","3383","3200","3566","matched","Published region elevation agrees with audit","","",""
"US","sun-valley","soldier-mountain","Soldier Mountain","1491","1971","1971","1754","2188","matched","Published region elevation agrees with audit","","",""
"US","taos","sipapu-ski-summer-resort","Sipapu Ski & Summer Resort","2199","2660","2660","2499","2821","matched","Published region elevation agrees with audit","","",""
"US","tucson-mount-lemmon","mount-lemmon-ski-valley","Mount Lemmon Ski Valley","2229","2660","2660","2529","2791","matched","Published region elevation agrees with audit","","",""
"US","wenatchee","mission-ridge-ski-board-resort","Mission Ridge Ski & Board Resort","1189","1739","1739","1399","2079","matched","Published region elevation agrees with audit","","",""
"US","white-pass","white-pass-ski-area","White Pass Ski Area","1166","1677","1676","1372","1981","matched","Published region elevation agrees with audit","","",""
"US","whitefish","blacktail-mountain-ski-area","Blacktail Mountain Ski Area","1384","1848","1848","1628","2067","matched","Published region elevation agrees with audit","","",""
"US","willamette-pass","willamette-pass-resort","Willamette Pass Resort","1327","1799","1798","1561","2036","matched","Published region elevation agrees with audit","","",""
"US","wrightwood","mountain-high-resorts","Mountain High Resorts","1712","2256","2256","2012","2500","matched","Published region elevation agrees with audit","","",""
"US","yosemite","badger-pass-ski-area","Badger Pass Ski Area","1895","2286","2286","2195","2377","matched","Published region elevation agrees with audit","","",""
"CA","canada-british-columbia","manning-park-resort","Manning Park Resort","1334","1570","1570","1350","1789","matched","Published region elevation agrees with audit","","",""
"CA","canada-manitoba","asessippi-ski-area-and-resort","Asessippi Ski Area & Resort","440","518","518","457","579","matched","Published region elevation agrees with audit","","",""
"CA","canada-ontario","adanac-ski-hill","Adanac Ski Hill","263","305","305","270","340","matched","Published region elevation agrees with audit","","",""
"CA","canada-ontario","bethany-ski-resort","Bethany Ski Resort","273","318","318","274","362","matched","Published region elevation agrees with audit","","",""
"CA","canada-ontario","boler-mountain","Boler Mountain","257","295","295","262","328","matched","Published region elevation agrees with audit","","",""
"CA","canada-ontario","chicopee","Chicopee","291","342","342","314","370","matched","Published region elevation agrees with audit","","",""
"CA","canada-ontario","hockley-valley-resort","Hockley Valley Resort","306","360","360","324","396","matched","Published region elevation agrees with audit","","",""
"CA","canada-ontario","horseshoe-resort","Horseshoe Resort","303","356","356","309","402","matched","Published region elevation agrees with audit","","",""
"CA","canada-ontario","lakeridge-ski-resort","Lakeridge Ski Resort","287","338","338","300","375","matched","Published region elevation agrees with audit","","",""
"CA","canada-ontario","mount-chinguacousy-ski-and-snowboard-hill","Mount Chinguacousy Ski and Snowboard Hill","210","228","228","218","237","matched","Published region elevation agrees with audit","","",""
"CA","canada-ontario","mount-dufour-ski-area","Mount Dufour Ski Area","309","363","363","314","412","matched","Published region elevation agrees with audit","","",""
"CA","canada-ontario","mount-jamieson-resort","Mount Jamieson Resort","305","359","358","307","410","matched","Published region elevation agrees with audit","","",""
"CA","canada-ontario","sir-sam-s-ski-ride","Sir Sam's Ski / Ride","343","404","404","360","447","matched","Published region elevation agrees with audit","","",""
"CA","canada-ontario","trestle-ridge-ski-hill","Trestle Ridge Ski Hill","240","271","270","260","281","matched","Published region elevation agrees with audit","","",""
"CA","canada-saskatchewan","duck-mountain-ski-area","Duck Mountain Ski Area","550","647","646","577","716","matched","Published region elevation agrees with audit","","",""
"CA","canada-saskatchewan","table-mountain-regional-park","Table Mountain Regional Park","523","615","614","557","672","matched","Published region elevation agrees with audit","","",""
"CA","canada-saskatchewan","wapiti-valley-regional-park","Wapiti Valley Regional Park","401","472","472","432","511","matched","Published region elevation agrees with audit","","",""
"US","albuquerque-sandia","sandia-peak","Sandia Peak Ski Area","2330","2630","","2630","","matched","Audit has no suggested replacement; published pin/base retained without guessing a summit","","",""
"US","us-ct","mount-southington","Mount Southington Ski Area","100","60","","","","matched","Audit has no suggested replacement; published pin/base retained without guessing a summit","","",""
"US","us-ct","powder-ridge-ct","Powder Ridge Mountain Park & Resort","131","116","","","","matched","Audit has no suggested replacement; published pin/base retained without guessing a summit","","",""
"US","us-ct","ski-sundown","Ski Sundown","156","152","","","","matched","Audit has no suggested replacement; published pin/base retained without guessing a summit","","",""
"US","us-ia","mt-crescent-ski-area","Mt. Crescent Ski Area","281","330","","","","matched","Audit has no suggested replacement; published pin/base retained without guessing a summit","","",""
"US","us-ia","seven-oaks-recreation","Seven Oaks Recreation","235","264","","","","matched","Audit has no suggested replacement; published pin/base retained without guessing a summit","","",""
"US","us-ia","sundown-mountain-resort","Sundown Mountain Resort","296","348","","","","matched","Audit has no suggested replacement; published pin/base retained without guessing a summit","","",""
"US","us-il","chestnut-mountain-resort","Chestnut Mountain Resort","268","311","","","","matched","Audit has no suggested replacement; published pin/base retained without guessing a summit","","",""
"US","us-il","villa-olivia","Villa Olivia","226","252","","","","matched","Audit has no suggested replacement; published pin/base retained without guessing a summit","","",""
"US","us-in","paoli-peaks","Paoli Peaks","221","245","","","","matched","Audit has no suggested replacement; published pin/base retained without guessing a summit","","",""
"US","us-in","perfect-north-slopes","Perfect North Slopes","159","156","","","","matched","Audit has no suggested replacement; published pin/base retained without guessing a summit","","",""
"US","us-ma","blue-hills-ski-area","Blue Hills Ski Area","107","82","","","","matched","Audit has no suggested replacement; published pin/base retained without guessing a summit","","",""
"US","us-ma","bousquet-mountain","Bousquet Mountain","291","342","","","","matched","Audit has no suggested replacement; published pin/base retained without guessing a summit","","",""
"US","us-ma","nashoba-valley","Nashoba Valley Ski Area","100","60","","","","matched","Audit has no suggested replacement; published pin/base retained without guessing a summit","","",""
"US","us-ma","otis-ridge","Otis Ridge Ski Area","322","379","","","","matched","Audit has no suggested replacement; published pin/base retained without guessing a summit","","",""
"US","us-ma","ski-bradford","Ski Bradford","100","14","","","","matched","Audit has no suggested replacement; published pin/base retained without guessing a summit","","",""
"US","us-ma","ski-ward","Ski Ward","124","106","","","","matched","Audit has no suggested replacement; published pin/base retained without guessing a summit","","",""
"US","us-md","wisp-resort","Wisp Resort","655","771","","","","matched","Audit has no suggested replacement; published pin/base retained without guessing a summit","","",""
"US","us-me","big-moose-mountain","Big Moose Mountain","436","513","","","","matched","Audit has no suggested replacement; published pin/base retained without guessing a summit","","",""
"US","us-me","bigrock-mountain","BigRock Mountain","168","168","","","","matched","Audit has no suggested replacement; published pin/base retained without guessing a summit","","",""
"US","us-me","black-mountain-of-maine","Black Mountain of Maine","254","292","","","","matched","Audit has no suggested replacement; published pin/base retained without guessing a summit","","",""
"US","us-me","camden-snow-bowl","Camden Snow Bowl","100","70","","","","matched","Audit has no suggested replacement; published pin/base retained without guessing a summit","","",""
"US","us-me","lost-valley","Lost Valley","132","117","","","","matched","Audit has no suggested replacement; published pin/base retained without guessing a summit","","",""
"US","us-me","mount-abram","Mt. Abram","252","289","","","","matched","Audit has no suggested replacement; published pin/base retained without guessing a summit","","",""
"US","us-me","pleasant-mountain","Pleasant Mountain","161","159","","","","matched","Audit has no suggested replacement; published pin/base retained without guessing a summit","","",""
"US","us-me","titcomb-mountain","Titcomb Mountain","136","123","","","","matched","Audit has no suggested replacement; published pin/base retained without guessing a summit","","",""
"US","us-mi","alpine-valley-mi","Alpine Valley Ski Area","246","280","","","","matched","Audit has no suggested replacement; published pin/base retained without guessing a summit","","",""
"US","us-mi","big-powderhorn-mountain","Big Powderhorn Mountain Resort","385","453","","","","matched","Audit has no suggested replacement; published pin/base retained without guessing a summit","","",""
"US","us-mi","bittersweet-ski-resort","Bittersweet Ski Resort","201","216","","","","matched","Audit has no suggested replacement; published pin/base retained without guessing a summit","","",""
"US","us-mi","caberfae-peaks","Caberfae Peaks","319","375","","","","matched","Audit has no suggested replacement; published pin/base retained without guessing a summit","","",""
"US","us-mi","cannonsburg-ski-area","Cannonsburg Ski Area","208","226","","","","matched","Audit has no suggested replacement; published pin/base retained without guessing a summit","","",""
"US","us-mi","crystal-mountain-mi","Crystal Mountain Resort","258","297","","","","matched","Audit has no suggested replacement; published pin/base retained without guessing a summit","","",""
"US","us-mi","hickory-hills","Hickory Hills Ski Area","181","187","","","","matched","Audit has no suggested replacement; published pin/base retained without guessing a summit","","",""
"US","us-mi","marquette-mountain","Marquette Mountain Resort","178","183","","","","matched","Audit has no suggested replacement; published pin/base retained without guessing a summit","","",""
"US","us-mi","mont-ripley","Mont Ripley Ski Area","219","242","","","","matched","Audit has no suggested replacement; published pin/base retained without guessing a summit","","",""
"US","us-mi","mount-brighton","Mt Brighton","247","281","","","","matched","Audit has no suggested replacement; published pin/base retained without guessing a summit","","",""
"US","us-mi","mount-holiday","Mt. Holiday","203","219","","","","matched","Audit has no suggested replacement; published pin/base retained without guessing a summit","","",""
"US","us-mi","mount-holly","Mt. Holly Ski Resort","261","302","","","","matched","Audit has no suggested replacement; published pin/base retained without guessing a summit","","",""
"US","us-mi","mount-mcsauba","Mt. McSauba Recreation Area","182","188","","","","matched","Audit has no suggested replacement; published pin/base retained without guessing a summit","","",""
"US","us-mi","mount-zion-ski-hill","Mt. Zion Ski Hill","385","453","","","","matched","Audit has no suggested replacement; published pin/base retained without guessing a summit","","",""
"US","us-mi","norway-mountain","Norway Mountain","309","364","","","","matched","Audit has no suggested replacement; published pin/base retained without guessing a summit","","",""
"US","us-mi","otsego-resort","Otsego Resort","347","408","","","","matched","Audit has no suggested replacement; published pin/base retained without guessing a summit","","",""
"US","us-mi","petoskey-winter-sports-park","Petoskey Winter Sports Park","205","222","","","","matched","Audit has no suggested replacement; published pin/base retained without guessing a summit","","",""
"US","us-mi","pine-knob-ski-resort","Pine Knob Ski Resort","278","326","","","","matched","Audit has no suggested replacement; published pin/base retained without guessing a summit","","",""
"US","us-mi","pine-mountain-resort-mi","Pine Mountain Resort","292","344","","","","matched","Audit has no suggested replacement; published pin/base retained without guessing a summit","","",""
"US","us-mi","porcupine-mountains-ski-area","Porcupine Mountains Ski Area","189","199","","","","matched","Audit has no suggested replacement; published pin/base retained without guessing a summit","","",""
"US","us-mi","shanty-creek-resorts","Shanty Creek Resorts","177","181","","","","matched","Audit has no suggested replacement; published pin/base retained without guessing a summit","","",""
"US","us-mi","ski-brule","Ski Brule","426","501","","","","matched","Audit has no suggested replacement; published pin/base retained without guessing a summit","","",""
"US","us-mi","snow-snake","Snow Snake Ski & Golf","297","349","","","","matched","Audit has no suggested replacement; published pin/base retained without guessing a summit","","",""
"US","us-mi","snowriver-mountain-resort","Snowriver Mountain Resort","331","389","","","","matched","Audit has no suggested replacement; published pin/base retained without guessing a summit","","",""
"US","us-mi","swiss-valley","Swiss Valley Ski & Snowboard Area","244","277","","","","matched","Audit has no suggested replacement; published pin/base retained without guessing a summit","","",""
"US","us-mi","the-homestead-mi","The Homestead","177","182","","","","matched","Audit has no suggested replacement; published pin/base retained without guessing a summit","","",""
"US","us-mi","timber-ridge-ski-area-mi","Timber Ridge Ski Area","224","248","","","","matched","Audit has no suggested replacement; published pin/base retained without guessing a summit","","",""
"US","us-mi","treetops-resort","Treetops Resort","340","400","","","","matched","Audit has no suggested replacement; published pin/base retained without guessing a summit","","",""
"US","us-mn","afton-alps-mn","Afton Alps","205","221","","","","matched","Audit has no suggested replacement; published pin/base retained without guessing a summit","","",""
"US","us-mn","andes-tower-hills-mn","Andes Tower Hills","373","439","","","","matched","Audit has no suggested replacement; published pin/base retained without guessing a summit","","",""
"US","us-mn","buck-hill-mn","Buck Hill","260","300","","","","matched","Audit has no suggested replacement; published pin/base retained without guessing a summit","","",""
"US","us-mn","buena-vista-ski-area-mn","Buena Vista Ski Area","384","452","","","","matched","Audit has no suggested replacement; published pin/base retained without guessing a summit","","",""
"US","us-mn","coffee-mill-ski-area-mn","Coffee Mill Ski Area","229","255","","","","matched","Audit has no suggested replacement; published pin/base retained without guessing a summit","","",""
"US","us-mn","detroit-mountain-mn","Detroit Mountain Recreation Area","424","499","","","","matched","Audit has no suggested replacement; published pin/base retained without guessing a summit","","",""
"US","us-mn","giants-ridge-mn","Giants Ridge","392","461","","","","matched","Audit has no suggested replacement; published pin/base retained without guessing a summit","","",""
"US","us-mn","hyland-hills-ski-area-mn","Hyland Hills Ski Area","236","266","","","","matched","Audit has no suggested replacement; published pin/base retained without guessing a summit","","",""
"US","us-mn","mount-kato-mn","Mount Kato","263","305","","","","matched","Audit has no suggested replacement; published pin/base retained without guessing a summit","","",""
"US","us-mn","powder-ridge-mn","Powder Ridge","323","380","","","","matched","Audit has no suggested replacement; published pin/base retained without guessing a summit","","",""
"US","us-mn","spirit-mountain-mn","Spirit Mountain","251","287","","","","matched","Audit has no suggested replacement; published pin/base retained without guessing a summit","","",""
"US","us-mn","welch-village-mn","Welch Village","264","306","","","","matched","Audit has no suggested replacement; published pin/base retained without guessing a summit","","",""
"US","us-mn","wild-mountain-mn","Wild Mountain","216","237","","","","matched","Audit has no suggested replacement; published pin/base retained without guessing a summit","","",""
"US","us-nc","appalachian-ski-mountain","Appalachian Ski Mountain","947","1114","","","","matched","Audit has no suggested replacement; published pin/base retained without guessing a summit","","",""
"US","us-nc","hatley-pointe","Hatley Pointe","1033","1215","","","","matched","Audit has no suggested replacement; published pin/base retained without guessing a summit","","",""
"US","us-nh","black-mountain-nh","Black Mountain","326","384","","","","matched","Audit has no suggested replacement; published pin/base retained without guessing a summit","","",""
"US","us-nh","crotched-mountain","Crotched Mountain","274","320","","","","matched","Audit has no suggested replacement; published pin/base retained without guessing a summit","","",""
"US","us-nh","dartmouth-skiway","Dartmouth Skiway","256","294","","","","matched","Audit has no suggested replacement; published pin/base retained without guessing a summit","","",""
"US","us-nh","king-pine","King Pine Ski Area","153","147","","","","matched","Audit has no suggested replacement; published pin/base retained without guessing a summit","","",""
"US","us-nh","mount-sunapee","Mount Sunapee Resort","330","388","","","","matched","Audit has no suggested replacement; published pin/base retained without guessing a summit","","",""
"US","us-nh","pats-peak","Pats Peak","172","174","","","","matched","Audit has no suggested replacement; published pin/base retained without guessing a summit","","",""
"US","us-nh","ragged-mountain-nh","Ragged Mountain Resort","289","340","","","","matched","Audit has no suggested replacement; published pin/base retained without guessing a summit","","",""
"US","us-nh","tenney-mountain","Tenney Mountain Resort","513","604","","","","matched","Audit has no suggested replacement; published pin/base retained without guessing a summit","","",""
"US","us-nh","whaleback-mountain","Whaleback Mountain","296","348","","","","matched","Audit has no suggested replacement; published pin/base retained without guessing a summit","","",""
"US","us-ny","bristol-mountain","Bristol Mountain","294","346","","","","matched","Audit has no suggested replacement; published pin/base retained without guessing a summit","","",""
"US","us-ny","catamount-mountain-resort","Catamount Mountain Resort","275","322","","","","matched","Audit has no suggested replacement; published pin/base retained without guessing a summit","","",""
"US","us-ny","greek-peak","Greek Peak Mountain Resort","348","410","","","","matched","Audit has no suggested replacement; published pin/base retained without guessing a summit","","",""
"US","us-ny","holiday-mountain-ny","Holiday Mountain","381","448","","","","matched","Audit has no suggested replacement; published pin/base retained without guessing a summit","","",""
"US","us-ny","holiday-valley","Holiday Valley","415","488","","","","matched","Audit has no suggested replacement; published pin/base retained without guessing a summit","","",""
"US","us-ny","kissing-bridge","Kissing Bridge","319","375","","","","matched","Audit has no suggested replacement; published pin/base retained without guessing a summit","","",""
"US","us-ny","labrador-mountain","Labrador Mountain","400","470","","","","matched","Audit has no suggested replacement; published pin/base retained without guessing a summit","","",""
"US","us-ny","mccauley-mountain","McCauley Mountain Ski Area","450","530","","","","matched","Audit has no suggested replacement; published pin/base retained without guessing a summit","","",""
"US","us-ny","mount-peter","Mount Peter Ski Area","197","210","","","","matched","Audit has no suggested replacement; published pin/base retained without guessing a summit","","",""
"US","us-ny","peek-n-peak","Peek'n Peak Resort","366","430","","","","matched","Audit has no suggested replacement; published pin/base retained without guessing a summit","","",""
"US","us-ny","plattekill-mountain","Plattekill Mountain","626","737","","","","matched","Audit has no suggested replacement; published pin/base retained without guessing a summit","","",""
"US","us-ny","snow-ridge","Snow Ridge Ski Resort","494","581","","","","matched","Audit has no suggested replacement; published pin/base retained without guessing a summit","","",""
"US","us-ny","song-mountain","Song Mountain","328","386","","","","matched","Audit has no suggested replacement; published pin/base retained without guessing a summit","","",""
"US","us-ny","swain-resort","Swain Resort","473","556","","","","matched","Audit has no suggested replacement; published pin/base retained without guessing a summit","","",""
"US","us-ny","thunder-ridge","Thunder Ridge Ski Area","185","193","","","","matched","Audit has no suggested replacement; published pin/base retained without guessing a summit","","",""
"US","us-ny","titus-mountain","Titus Mountain Family Ski Center","166","166","","","","matched","Audit has no suggested replacement; published pin/base retained without guessing a summit","","",""
"US","us-ny","west-mountain","West Mountain","123","104","","","","matched","Audit has no suggested replacement; published pin/base retained without guessing a summit","","",""
"US","us-ny","willard-mountain","Willard Mountain","484","569","","","","matched","Audit has no suggested replacement; published pin/base retained without guessing a summit","","",""
"US","us-oh","alpine-valley-ohio","Alpine Valley","296","348","","","","matched","Audit has no suggested replacement; published pin/base retained without guessing a summit","","",""
"US","us-oh","boston-mills-brandywine","Boston Mills Brandywine","191","201","","","","matched","Audit has no suggested replacement; published pin/base retained without guessing a summit","","",""
"US","us-oh","mad-river-mountain","Mad River Mountain","305","359","","","","matched","Audit has no suggested replacement; published pin/base retained without guessing a summit","","",""
"US","us-oh","snow-trails","Snow Trails","320","376","","","","matched","Audit has no suggested replacement; published pin/base retained without guessing a summit","","",""
"US","us-pa","bear-creek-mountain-resort-pa","Bear Creek Mountain Resort","202","217","","","","matched","Audit has no suggested replacement; published pin/base retained without guessing a summit","","",""
"US","us-pa","big-boulder-pa","Big Boulder","495","582","","","","matched","Audit has no suggested replacement; published pin/base retained without guessing a summit","","",""
"US","us-pa","boyce-park-ski-area-pa","Boyce Park Ski Area","298","350","","","","matched","Audit has no suggested replacement; published pin/base retained without guessing a summit","","",""
"US","us-pa","elk-mountain-pa","Elk Mountain","417","491","","","","matched","Audit has no suggested replacement; published pin/base retained without guessing a summit","","",""
"US","us-pa","hidden-valley-resort-pa","Hidden Valley Resort","670","788","","","","matched","Audit has no suggested replacement; published pin/base retained without guessing a summit","","",""
"US","us-pa","jack-frost-pa","Jack Frost","416","489","","","","matched","Audit has no suggested replacement; published pin/base retained without guessing a summit","","",""
"US","us-pa","laurel-mountain-ski-resort-pa","Laurel Mountain Ski Resort","646","760","","","","matched","Audit has no suggested replacement; published pin/base retained without guessing a summit","","",""
"US","us-pa","liberty-mountain-resort-pa","Liberty Mountain Resort","231","258","","","","matched","Audit has no suggested replacement; published pin/base retained without guessing a summit","","",""
"US","us-pa","montage-mountain-pa","Montage Mountain Resorts","512","602","","","","matched","Audit has no suggested replacement; published pin/base retained without guessing a summit","","",""
"US","us-pa","mount-pleasant-of-edinboro","Mount Pleasant of Edinboro","363","427","","","","matched","Audit has no suggested replacement; published pin/base retained without guessing a summit","","",""
"US","us-pa","roundtop-mountain-resort-pa","Roundtop Mountain Resort","255","293","","","","matched","Audit has no suggested replacement; published pin/base retained without guessing a summit","","",""
"US","us-pa","ski-big-bear-pa","Ski Big Bear at Masthope Mountain","333","392","","","","matched","Audit has no suggested replacement; published pin/base retained without guessing a summit","","",""
"US","us-pa","ski-sawmill-pa","Ski Sawmill Family Resort","430","506","","","","matched","Audit has no suggested replacement; published pin/base retained without guessing a summit","","",""
"US","us-pa","spring-mountain-adventures-pa","Spring Mountain Adventures","100","62","","","","matched","Audit has no suggested replacement; published pin/base retained without guessing a summit","","",""
"US","us-pa","tussey-mountain-pa","Tussey Mountain","392","461","","","","matched","Audit has no suggested replacement; published pin/base retained without guessing a summit","","",""
"US","us-pa","whitetail-resort-pa","Whitetail Resort","233","262","","","","matched","Audit has no suggested replacement; published pin/base retained without guessing a summit","","",""
"US","us-sd","great-bear-ski-valley","Great Bear Ski Valley","354","416","","","","matched","Audit has no suggested replacement; published pin/base retained without guessing a summit","","",""
"US","us-tn","ober-mountain","Ober Mountain","347","408","","","","matched","Audit has no suggested replacement; published pin/base retained without guessing a summit","","",""
"US","us-va","bryce-resort","Bryce Resort","326","383","","","","matched","Audit has no suggested replacement; published pin/base retained without guessing a summit","","",""
"US","us-va","the-omni-homestead-ski-area","The Omni Homestead Ski Area","583","686","","","","matched","Audit has no suggested replacement; published pin/base retained without guessing a summit","","",""
"US","us-vt","ascutney-outdoors","Ascutney Outdoors","280","328","","","","matched","Audit has no suggested replacement; published pin/base retained without guessing a summit","","",""
"US","us-vt","bolton-valley","Bolton Valley Resort","550","647","","","","matched","Audit has no suggested replacement; published pin/base retained without guessing a summit","","",""
"US","us-vt","cochrans-ski-area","Cochran's Ski Area","126","109","","","","matched","Audit has no suggested replacement; published pin/base retained without guessing a summit","","",""
"US","us-vt","middlebury-snowbowl","Middlebury Snowbowl","474","558","","","","matched","Audit has no suggested replacement; published pin/base retained without guessing a summit","","",""
"US","us-vt","saskadena-six","Saskadena Six","205","221","","","","matched","Audit has no suggested replacement; published pin/base retained without guessing a summit","","",""
"US","us-wi","alpine-valley-resort-wi","Alpine Valley Resort","232","260","","","","matched","Audit has no suggested replacement; published pin/base retained without guessing a summit","","",""
"US","us-wi","bruce-mound-wi","Bruce Mound Winter Sports Area","346","407","","","","matched","Audit has no suggested replacement; published pin/base retained without guessing a summit","","",""
"US","us-wi","christie-mountain-wi","Christie Mountain","343","403","","","","matched","Audit has no suggested replacement; published pin/base retained without guessing a summit","","",""
"US","us-wi","christmas-mountain-village-wi","Christmas Mountain Village","271","315","","","","matched","Audit has no suggested replacement; published pin/base retained without guessing a summit","","",""
"US","us-wi","devils-head-resort-wi","Devil's Head Resort","247","282","","","","matched","Audit has no suggested replacement; published pin/base retained without guessing a summit","","",""
"US","us-wi","little-switzerland-wi","Little Switzerland","283","333","","","","matched","Audit has no suggested replacement; published pin/base retained without guessing a summit","","",""
"US","us-wi","mont-du-lac-resort-wi","Mont du Lac Resort","206","223","","","","matched","Audit has no suggested replacement; published pin/base retained without guessing a summit","","",""
"US","us-wi","mount-ashwabay-wi","Mt. Ashwabay","343","404","","","","matched","Audit has no suggested replacement; published pin/base retained without guessing a summit","","",""
"US","us-wi","mount-la-crosse-wi","Mt. La Crosse","193","205","","","","matched","Audit has no suggested replacement; published pin/base retained without guessing a summit","","",""
"US","us-wi","mountain-top-at-grand-geneva-wi","The Mountain Top at Grand Geneva Resort","231","258","","","","matched","Audit has no suggested replacement; published pin/base retained without guessing a summit","","",""
"US","us-wi","nordic-mountain-wi","Nordic Mountain","255","293","","","","matched","Audit has no suggested replacement; published pin/base retained without guessing a summit","","",""
"US","us-wi","sunburst-winter-sports-park-wi","Sunburst Winter Sports Park","275","321","","","","matched","Audit has no suggested replacement; published pin/base retained without guessing a summit","","",""
"US","us-wi","trollhaugen-wi","Trollhaugen","280","329","","","","matched","Audit has no suggested replacement; published pin/base retained without guessing a summit","","",""
"US","us-wi","tyrol-basin-wi","Tyrol Basin","252","289","","","","matched","Audit has no suggested replacement; published pin/base retained without guessing a summit","","",""
"US","us-wi","whitecap-mountains-resort-wi","Whitecap Mountains Resort","348","410","","","","matched","Audit has no suggested replacement; published pin/base retained without guessing a summit","","",""
"US","us-wi","wilmot-mountain-wi","Wilmot Mountain","224","249","","","","matched","Audit has no suggested replacement; published pin/base retained without guessing a summit","","",""
"US","us-wv","oglebay-ski-area","Oglebay Ski Area","292","343","","","","matched","Audit has no suggested replacement; published pin/base retained without guessing a summit","","",""
"US","us-wv","winterplace-ski-resort","Winterplace Ski Resort","819","963","","","","matched","Audit has no suggested replacement; published pin/base retained without guessing a summit","","",""
"CA","banff-lake-louise","banff-sunshine","Banff Sunshine Village","2430","2195","2195","1660","2730","matched","Published region elevation agrees with audit","","",""
"CA","banff-lake-louise","lake-louise-resort","Lake Louise Ski Resort","2337","2142","2142","1646","2637","matched","Published region elevation agrees with audit","","",""
"CA","canada-alberta","castle-mountain-resort","Castle Mountain Resort","1566","1842","1842","1410","2273","matched","Published region elevation agrees with audit","","",""
"CA","canada-british-columbia","powder-king-mountain-resort","Powder King Mountain Resort","1320","1553","1552","1267","1838","source-unresolved","Official page says summit 1829m (5500ft), base 935m (3000ft), vertical 640m (2100ft): mutually inconsistent. Existing values retained pending resort clarification.","https://www.powderking.com/contact/about-us","2026-09-25","resort-operated, internally inconsistent"
"CA","canada-british-columbia","red-mountain-resort","RED Mountain Resort","1386","1630","1630","1185","2075","matched","Published region elevation agrees with audit","","",""
"CA","canada-british-columbia","sasquatch-mountain-resort","Sasquatch Mountain Resort","999","1175","1175","980","1370","matched","Published region elevation agrees with audit","","",""
"CA","canada-british-columbia","shames-mountain","Shames Mountain","803","945","944","700","1189","matched","Published region elevation agrees with audit","","",""
"CA","canada-manitoba","holiday-mountain-resort","Holiday Mountain Resort","280","328","328","274","381","matched","Published region elevation agrees with audit","","",""
"CA","canada-manitoba","mystery-mountain-winter-park","Mystery Mountain Winter Park","220","243","243","205","281","matched","Published region elevation agrees with audit","","",""
"CA","canada-new-brunswick","crabbe-mountain","Crabbe Mountain","238","269","268","147","390","matched","Published region elevation agrees with audit","","",""
"CA","canada-new-brunswick","poley-mountain","Poley Mountain","174","177","176","76","277","matched","Published region elevation agrees with audit","","",""
"CA","canada-new-brunswick","republik-nature","Républik Nature","221","244","244","150","338","matched","Published region elevation agrees with audit","","",""
"CA","canada-new-brunswick","sugarloaf-provincial-park","Sugarloaf Provincial Park","135","121","120","42","199","matched","Published region elevation agrees with audit","","",""
"CA","canada-newfoundland-labrador","smokey-mountain-ski-club","Smokey Mountain Ski Club","612","720","720","595","845","matched","Published region elevation agrees with audit","","",""
"CA","canada-newfoundland-labrador","white-hills-resort","White Hills Resort","233","261","260","147","374","matched","Published region elevation agrees with audit","","",""
"CA","canada-nova-scotia","cape-smokey","Cape Smokey","154","149","149","15","283","matched","Published region elevation agrees with audit","","",""
"CA","canada-nova-scotia","ski-ben-eoin","Ski Ben Eoin","109","84","84","14","154","matched","Published region elevation agrees with audit","","",""
"CA","canada-nova-scotia","ski-martock","Ski Martock","125","107","107","26","188","matched","Published region elevation agrees with audit","","",""
"CA","canada-nova-scotia","ski-wentworth","Ski Wentworth","170","172","172","55","288","matched","Published region elevation agrees with audit","","",""
"CA","canada-ontario","antoine-mountain","Antoine Mountain","239","270","270","174","366","matched","Published region elevation agrees with audit","","",""
"CA","canada-ontario","batawa-ski-hill","Batawa Ski Hill","100","55","55","30","80","matched","Published region elevation agrees with audit","","",""
"CA","canada-ontario","blue-mountain-resort","Blue Mountain Resort","289","340","340","230","450","matched","Published region elevation agrees with audit","","",""
"CA","canada-ontario","brimacombe","Brimacombe","235","264","264","218","310","matched","Published region elevation agrees with audit","","",""
"CA","canada-ontario","calabogie-peaks-resort","Calabogie Peaks Resort","241","273","273","154","392","matched","Published region elevation agrees with audit","","",""
"CA","canada-ontario","dagmar-ski-resort","Dagmar Ski Resort","162","160","160","120","199","matched","Published region elevation agrees with audit","","",""
"CA","canada-ontario","glen-eden","Glen Eden","249","284","284","248","320","matched","Published region elevation agrees with audit","","",""
"CA","canada-ontario","hidden-valley-highlands-ski-area","Hidden Valley Highlands Ski Area","281","330","330","280","380","matched","Published region elevation agrees with audit","","",""
"CA","canada-ontario","loch-lomond-ski-area","Loch Lomond Ski Area","290","341","340","251","430","matched","Published region elevation agrees with audit","","",""
"CA","canada-ontario","mount-pakenham","Mount Pakenham","174","177","177","137","217","matched","Published region elevation agrees with audit","","",""
"CA","canada-ontario","mount-st-louis-moonstone","Mount St. Louis Moonstone","254","292","292","215","368","matched","Published region elevation agrees with audit","","",""
"CA","canada-ontario","searchmont-resort","Searchmont Resort","307","361","360","233","488","matched","Published region elevation agrees with audit","","",""
"CA","canada-ontario","snow-valley-ski-resort","Snow Valley Ski Resort","245","278","278","235","320","matched","Published region elevation agrees with audit","","",""
"CA","canada-ontario","uplands-ski-centre","Uplands Ski Centre","179","185","185","170","200","matched","Published region elevation agrees with audit","","",""
"CA","canada-prince-edward-island","mark-arendz-provincial-ski-park-at-brookvale","Mark Arendz Provincial Ski Park at Brookvale","100","58","58","20","96","matched","Published region elevation agrees with audit","","",""
"CA","canada-quebec","le-relais","Le Relais","272","317","317","205","429","matched","Published region elevation agrees with audit","","",""
"CA","canada-quebec","massif-du-sud","Massif du Sud","608","715","715","515","915","matched","Published region elevation agrees with audit","","",""
"CA","canada-quebec","mont-grand-fonds","Mont Grand-Fonds","483","568","568","400","735","matched","Published region elevation agrees with audit","","",""
"CA","canada-quebec","mont-orford","Mont-Orford","496","584","584","317","850","matched","Published region elevation agrees with audit","","",""
"CA","canada-quebec","owl-s-head","Owl’s Head","405","477","476","239","714","matched","Published region elevation agrees with audit","","",""
"CA","canada-quebec","station-touristique-stoneham","Station touristique Stoneham","358","421","420","248","593","matched","Published region elevation agrees with audit","","",""
"CA","canada-quebec","val-saint-come","Val Saint-Côme","382","450","450","300","600","matched","Published region elevation agrees with audit","","",""
"CA","canmore","nakiska","Nakiska","1960","2260","","","","matched","Audit has no suggested replacement; published pin/base retained without guessing a summit","","",""
"CA","jasper","marmot-basin","Marmot Basin","2312","2612","","","","matched","Audit has no suggested replacement; published pin/base retained without guessing a summit","","",""
"CA","okanagan","apex-resort","Apex Mountain Resort","1878","2178","","","","matched","Audit has no suggested replacement; published pin/base retained without guessing a summit","","",""
"CA","okanagan","big-white","Big White Ski Resort","2019","2319","","","","matched","Audit has no suggested replacement; published pin/base retained without guessing a summit","","",""
"CA","powder-highway","fernie-alpine","Fernie Alpine Resort","1834","2134","","","","matched","Audit has no suggested replacement; published pin/base retained without guessing a summit","","",""
"CA","powder-highway","kimberley-alpine","Kimberley Alpine Resort","1683","1980","","","","matched","Audit has no suggested replacement; published pin/base retained without guessing a summit","","",""
"CA","powder-highway","revelstoke-mountain-resort","Revelstoke Mountain Resort","1925","2225","","","","matched","Audit has no suggested replacement; published pin/base retained without guessing a summit","","",""
"CA","quebec-charlevoix","mont-sainte-anne","Mont-Sainte-Anne","680","800","","","","matched","Audit has no suggested replacement; published pin/base retained without guessing a summit","","",""
"CA","quebec-eastern-townships","bromont-resort","Ski Bromont","470","553","","","","matched","Audit has no suggested replacement; published pin/base retained without guessing a summit","","",""
"CA","quebec-laurentians","tremblant","Tremblant","744","875","","","","matched","Audit has no suggested replacement; published pin/base retained without guessing a summit","","",""
"CA","vancouver","cypress-mountain","Cypress Mountain","1224","1440","","","","matched","Audit has no suggested replacement; published pin/base retained without guessing a summit","","",""
"CA","vancouver","mount-seymour","Mt Seymour","1075","1265","","","","matched","Audit has no suggested replacement; published pin/base retained without guessing a summit","","",""
"CA","whistler","whistler-mountain","Whistler Mountain","1882","2182","","","","matched","Audit has no suggested replacement; published pin/base retained without guessing a summit","","",""
"US","angel-fire","angel-fire-resort","Angel Fire Resort","2954","3254","","","","matched","Audit has no suggested replacement; published pin/base retained without guessing a summit","","",""
"US","aspen-snowmass","aspen-highlands","Aspen Highlands","3259","3559","","","","matched","Audit has no suggested replacement; published pin/base retained without guessing a summit","","",""
"US","aspen-snowmass","snowmass","Snowmass","3513","3813","","","","matched","Audit has no suggested replacement; published pin/base retained without guessing a summit","","",""
"US","bend","mt-bachelor","Mt. Bachelor","2463","2250","2250","1737","2763","matched","Published region elevation agrees with audit","","",""
"US","berkshires","berkshire-east","Berkshire East","477","561","","","","matched","Audit has no suggested replacement; published pin/base retained without guessing a summit","","",""
"US","berkshires","jiminy-peak","Jiminy Peak","616","725","","","","matched","Audit has no suggested replacement; published pin/base retained without guessing a summit","","",""
"US","big-sky","big-sky-resort","Big Sky Resort","3103","3403","","","","matched","Audit has no suggested replacement; published pin/base retained without guessing a summit","","",""
"US","black-hills","terry-peak","Terry Peak","1864","2164","","","","matched","Audit has no suggested replacement; published pin/base retained without guessing a summit","","",""
"US","blue-ridge","wintergreen-resort","Wintergreen Resort","910","1071","","","","matched","Audit has no suggested replacement; published pin/base retained without guessing a summit","","",""
"US","boise","bogus-basin","Bogus Basin","2094","2394","","","","matched","Audit has no suggested replacement; published pin/base retained without guessing a summit","","",""
"US","boulder-front-range","eldora-mountain-resort","Eldora Mountain Resort","2553","2853","","","","matched","Audit has no suggested replacement; published pin/base retained without guessing a summit","","",""
"US","bozeman-bridger-bowl","bridger-bowl","Bridger Bowl","2382","2682","","","","matched","Audit has no suggested replacement; published pin/base retained without guessing a summit","","",""
"US","canaan-valley","canaan-valley-resort","Canaan Valley Resort","1108","1304","","","","matched","Audit has no suggested replacement; published pin/base retained without guessing a summit","","",""
"US","carrabassett-valley","sugarloaf","Sugarloaf","1097","1291","","","","matched","Audit has no suggested replacement; published pin/base retained without guessing a summit","","",""
"US","central-massachusetts","wachusett-mountain","Wachusett Mountain","520","612","","","","matched","Audit has no suggested replacement; published pin/base retained without guessing a summit","","",""
"US","crested-butte","crested-butte-mountain-resort","Crested Butte Mountain Resort","3320","3620","","","","matched","Audit has no suggested replacement; published pin/base retained without guessing a summit","","",""
"US","crystal-mountain","crystal-mountain","Crystal Mountain Resort","1838","2138","","","","matched","Audit has no suggested replacement; published pin/base retained without guessing a summit","","",""
"US","donnelly-mccall","brundage-mountain","Brundage Mountain","2020","2320","","","","matched","Audit has no suggested replacement; published pin/base retained without guessing a summit","","",""
"US","donnelly-mccall","tamarack-resort","Tamarack Resort","1266","1490","","","","matched","Audit has no suggested replacement; published pin/base retained without guessing a summit","","",""
"US","durango","purgatory-resort","Purgatory Resort","2999","3299","","","","matched","Audit has no suggested replacement; published pin/base retained without guessing a summit","","",""
"US","flagstaff","arizona-snowbowl","Arizona Snowbowl","3211","3511","","","","matched","Audit has no suggested replacement; published pin/base retained without guessing a summit","","",""
"US","franconia-notch","cannon-mountain","Cannon Mountain","1057","1244","","","","matched","Audit has no suggested replacement; published pin/base retained without guessing a summit","","",""
"US","franconia-notch","loon-mountain","Loon Mountain","790","930","","","","matched","Audit has no suggested replacement; published pin/base retained without guessing a summit","","",""
"US","girdwood","alyeska-resort","Alyeska Resort","1021","1201","","","","matched","Audit has no suggested replacement; published pin/base retained without guessing a summit","","",""
"US","harbor-springs","boyne-highlands","The Highlands","343","404","","","","matched","Audit has no suggested replacement; published pin/base retained without guessing a summit","","",""
"US","harbor-springs","boyne-mountain","Boyne Mountain","290","341","","","","matched","Audit has no suggested replacement; published pin/base retained without guessing a summit","","",""
"US","harbor-springs","nubs-nob","Nub's Nob","347","408","","","","matched","Audit has no suggested replacement; published pin/base retained without guessing a summit","","",""
"US","high-country","sugar-mountain","Sugar Mountain","1373","1615","","","","matched","Audit has no suggested replacement; published pin/base retained without guessing a summit","","",""
"US","highmount","belleayre-mountain","Belleayre Mountain","888","1045","","","","matched","Audit has no suggested replacement; published pin/base retained without guessing a summit","","",""
"US","hunter","hunter-mountain","Hunter Mountain","829","975","","","","matched","Audit has no suggested replacement; published pin/base retained without guessing a summit","","",""
"US","juneau","eaglecrest-ski-area","Eaglecrest Ski Area","697","820","","","","matched","Audit has no suggested replacement; published pin/base retained without guessing a summit","","",""
"US","keweenaw-peninsula","mt-bohemia","Mt. Bohemia","388","457","","","","matched","Audit has no suggested replacement; published pin/base retained without guessing a summit","","",""
"US","lake-placid","whiteface-mountain","Whiteface Mountain","1261","1483","","","","matched","Audit has no suggested replacement; published pin/base retained without guessing a summit","","",""
"US","lake-tahoe-nevada","mt-rose-ski-tahoe","Mt. Rose Ski Tahoe","2656","2956","","","","matched","Audit has no suggested replacement; published pin/base retained without guessing a summit","","",""
"US","lakes-region","gunstock-mountain-resort","Gunstock Mountain Resort","581","684","","","","matched","Audit has no suggested replacement; published pin/base retained without guessing a summit","","",""
"US","laurel-highlands","seven-springs-mountain","Seven Springs Mountain Resort","776","913","","","","matched","Audit has no suggested replacement; published pin/base retained without guessing a summit","","",""
"US","litchfield-hills","mohawk-mountain","Mohawk Mountain","415","488","","","","matched","Audit has no suggested replacement; published pin/base retained without guessing a summit","","",""
"US","lutsen-north-shore","lutsen-mountains","Lutsen Mountains","437","514","","","","matched","Audit has no suggested replacement; published pin/base retained without guessing a summit","","",""
"US","maggie-valley","cataloochee-ski-area","Cataloochee Ski Area","1399","1646","","","","matched","Audit has no suggested replacement; published pin/base retained without guessing a summit","","",""
"US","mt-baker","mt-baker","Mt. Baker Ski Area","1288","1515","","","","matched","Audit has no suggested replacement; published pin/base retained without guessing a summit","","",""
"US","mt-hood","mt-hood-meadows","Mt. Hood Meadows","1925","2225","","","","matched","Audit has no suggested replacement; published pin/base retained without guessing a summit","","",""
"US","mt-hood","mt-hood-skibowl","Mt. Hood Skibowl","1321","1554","","","","matched","Audit has no suggested replacement; published pin/base retained without guessing a summit","","",""
"US","mt-hood","timberline-lodge","Timberline Lodge","2303","2603","","","","matched","Audit has no suggested replacement; published pin/base retained without guessing a summit","","",""
"US","newry-bethel","sunday-river","Sunday River","813","957","","","","matched","Audit has no suggested replacement; published pin/base retained without guessing a summit","","",""
"US","north-creek","gore-mountain","Gore Mountain","932","1097","","","","matched","Audit has no suggested replacement; published pin/base retained without guessing a summit","","",""
"US","poconos","blue-mountain-pa","Blue Mountain Resort","416","489","","","","matched","Audit has no suggested replacement; published pin/base retained without guessing a summit","","",""
"US","poconos","camelback-mountain","Camelback Mountain Resort","539","634","","","","matched","Audit has no suggested replacement; published pin/base retained without guessing a summit","","",""
"US","poconos","shawnee-mountain","Shawnee Mountain Ski Area","349","411","","","","matched","Audit has no suggested replacement; published pin/base retained without guessing a summit","","",""
"US","rangeley","saddleback-mountain","Saddleback Mountain","1068","1256","","","","matched","Audit has no suggested replacement; published pin/base retained without guessing a summit","","",""
"US","red-lodge","red-lodge-mountain","Red Lodge Mountain","2570","2870","","","","matched","Audit has no suggested replacement; published pin/base retained without guessing a summit","","",""
"US","sandpoint","schweitzer-mountain-resort","Schweitzer Mountain Resort","1658","1951","","","","matched","Audit has no suggested replacement; published pin/base retained without guessing a summit","","",""
"US","santa-fe","ski-santa-fe","Ski Santa Fe","3381","3681","","","","matched","Audit has no suggested replacement; published pin/base retained without guessing a summit","","",""
"US","shenandoah-valley","massanutten-resort","Massanutten Resort","740","870","","","","matched","Audit has no suggested replacement; published pin/base retained without guessing a summit","","",""
"US","snoqualmie-pass","snoqualmie-pass","The Summit at Snoqualmie","1001","1178","","","","matched","Audit has no suggested replacement; published pin/base retained without guessing a summit","","",""
"US","snowshoe","snowshoe-mountain","Snowshoe Mountain","1256","1478","","","","matched","Audit has no suggested replacement; published pin/base retained without guessing a summit","","",""
"US","steamboat","steamboat-resort","Steamboat Resort","2921","3221","","","","matched","Audit has no suggested replacement; published pin/base retained without guessing a summit","","",""
"US","stevens-pass","stevens-pass","Stevens Pass Ski Area","1050","1235","","","","matched","Audit has no suggested replacement; published pin/base retained without guessing a summit","","",""
"US","summit-county","copper-mountain-resort","Copper Mountain","2660","3205","","2960","3450","matched","Audit has no suggested replacement; published pin/base retained without guessing a summit","","",""
"US","sun-valley","bald-mountain","Bald Mountain","2489","2789","","","","matched","Audit has no suggested replacement; published pin/base retained without guessing a summit","","",""
"US","sun-valley","dollar-mountain","Dollar Mountain","1724","2024","","","","matched","Audit has no suggested replacement; published pin/base retained without guessing a summit","","",""
"US","taos","taos-ski-valley","Taos Ski Valley","3504","3804","","","","matched","Audit has no suggested replacement; published pin/base retained without guessing a summit","","",""
"US","telluride","telluride-ski-resort","Telluride Ski Resort","3515","3815","","","","matched","Audit has no suggested replacement; published pin/base retained without guessing a summit","","",""
"US","vail-valley","vail-mountain","Vail Mountain","3227","3001","3001","2475","3527","matched","Published region elevation agrees with audit","","",""
"US","vernon","mountain-creek-resort","Mountain Creek Resort","383","451","","","","matched","Audit has no suggested replacement; published pin/base retained without guessing a summit","","",""
"US","waterville-valley","waterville-valley-resort","Waterville Valley Resort","994","1170","","","","matched","Audit has no suggested replacement; published pin/base retained without guessing a summit","","",""
"US","wausau","granite-peak","Granite Peak Ski Area","505","594","","","","matched","Audit has no suggested replacement; published pin/base retained without guessing a summit","","",""
"US","white-mountains","attitash-mountain-resort","Attitash Mountain Resort","609","716","","","","matched","Audit has no suggested replacement; published pin/base retained without guessing a summit","","",""
"US","white-mountains","cranmore-mountain","Cranmore Mountain","440","518","","","","matched","Audit has no suggested replacement; published pin/base retained without guessing a summit","","",""
"US","white-mountains-az","sunrise-park-resort","Sunrise Park Resort","3030","3330","","","","matched","Audit has no suggested replacement; published pin/base retained without guessing a summit","","",""
"US","whitefish","whitefish-mountain-resort","Whitefish Mountain Resort","1778","2078","","","","matched","Audit has no suggested replacement; published pin/base retained without guessing a summit","","",""
"US","windham","windham-mountain","Windham Mountain Club","803","945","","","","matched","Audit has no suggested replacement; published pin/base retained without guessing a summit","","",""
"US","winter-park","winter-park-resort","Winter Park Resort","3376","3676","","","","matched","Audit has no suggested replacement; published pin/base retained without guessing a summit","","",""
"US","wisconsin-dells","cascade-mountain","Cascade Mountain","321","378","","","","matched","Audit has no suggested replacement; published pin/base retained without guessing a summit","","",""
